# Blender 4.1.1
# www.blender.org
mtllib enviornmenttake2.mtl
o Plane
v -80.007431 0.000000 80.007431
v 80.007431 0.000000 80.007431
v -80.007431 0.000000 -80.007431
v 80.007431 0.000000 -80.007431
vn -0.0000 1.0000 -0.0000
vt 0.000000 0.000000
vt 1.000000 0.000000
vt 1.000000 1.000000
vt 0.000000 1.000000
s 0
usemtl Material
f 1/1/1 2/2/1 4/3/1 3/4/1
o Landscape.001
v 36.155479 -0.156593 -10.802547
v 36.206627 -0.108537 -9.593250
v 36.263203 -0.055435 -8.364499
v 36.321297 -0.000936 -7.130344
v 36.376972 0.051283 -5.904947
v 36.426369 0.097612 -4.702219
v 36.465790 0.134596 -3.535455
v 36.491753 0.159476 -2.415731
v 36.499180 0.178921 -1.327705
v 36.484657 0.191916 -0.277256
v 36.450588 0.197596 0.735726
v 36.403576 0.205329 1.758369
v 36.348621 0.217406 2.803792
v 36.287674 0.231950 3.882624
v 36.175392 0.238710 5.346191
v 36.000591 0.233718 7.302369
v 35.775188 0.217860 9.692622
v 35.514435 0.194919 12.448874
v 35.247971 0.183502 15.491420
v 34.964111 0.183891 18.778423
v 34.632069 0.197601 22.184080
v 34.260242 0.187440 25.457972
v 33.879189 0.142439 28.504625
v 33.526115 0.083579 31.297470
v 33.219837 0.023034 33.832981
v 32.965298 -0.034504 36.121216
v 32.758850 -0.089753 38.177349
v 32.586475 -0.156786 40.017780
v 32.449837 -0.228121 41.661697
v 32.350132 -0.294765 43.115532
v 32.291542 -0.353587 44.354424
v 32.280811 -0.406706 45.324795
v 34.249218 -0.157444 -10.805978
v 34.299503 -0.109641 -9.597700
v 34.355309 -0.056759 -8.369835
v 34.412727 -0.002452 -7.136462
v 34.467770 0.049591 -5.911789
v 34.516544 0.096038 -4.709776
v 34.555275 0.137120 -3.543773
v 34.579632 0.169289 -2.421434
v 34.583035 0.198248 -1.325271
v 34.563370 0.220715 -0.267353
v 34.524658 0.231823 0.756663
v 34.473980 0.242591 1.798567
v 34.415668 0.255232 2.862833
v 34.347271 0.270696 3.968067
v 34.210991 0.280617 5.484886
v 34.003880 0.281001 7.500154
v 33.739960 0.272240 9.951756
v 33.455070 0.269893 12.765766
v 33.078449 0.291200 15.915490
v 32.594627 0.328987 19.337708
v 32.086487 0.348961 22.803255
v 31.602367 0.307649 26.069504
v 31.194757 0.238064 29.086401
v 30.888067 0.164511 31.829447
v 30.668825 0.096849 34.300629
v 30.472961 0.035240 36.552834
v 30.336805 -0.020440 38.566113
v 30.241686 -0.079215 40.358822
v 30.172035 -0.152970 41.945171
v 30.131695 -0.227804 43.339764
v 30.121826 -0.294183 44.532398
v 30.152822 -0.355293 45.469547
v 30.883125 -0.162716 -10.832667
v 30.924088 -0.114926 -9.641478
v 30.971596 -0.066582 -8.407851
v 31.020403 -0.014109 -7.181579
v 31.067743 0.043625 -5.963636
v 31.108843 0.104884 -4.767953
v 31.138340 0.160299 -3.607846
v 31.152420 0.203015 -2.487250
v 31.144535 0.242853 -1.388166
v 31.118052 0.272240 -0.323318
v 31.081038 0.281422 0.710992
v 31.035284 0.289235 1.766107
v 30.976109 0.309274 2.844232
v 30.920799 0.318927 3.953904
v 30.809151 0.328560 5.449826
v 30.622517 0.329409 7.454854
v 30.388189 0.342893 9.900166
v 30.058550 0.384597 12.754238
v 29.484327 0.454311 16.014206
v 28.701403 0.514073 19.537796
v 27.913374 0.488953 23.012037
v 27.225718 0.399039 26.284985
v 26.706997 0.295509 29.315281
v 26.387987 0.207639 32.071426
v 26.188044 0.134779 34.570702
v 26.054539 0.073643 36.828785
v 26.001289 0.020670 38.838249
v 26.008310 -0.027907 40.617580
v 26.047308 -0.086129 42.185104
v 26.106470 -0.156825 43.549480
v 26.184910 -0.229454 44.709072
v 26.295757 -0.297284 45.621670
v 25.497810 -0.124606 -18.675726
v 25.172312 0.019557 -17.782484
v 26.764296 0.234724 -11.393188
v 26.580750 0.153374 -8.155857
v 26.629307 0.091482 -6.266158
v 26.659128 0.119383 -4.871358
v 26.668055 0.187323 -3.721057
v 26.662725 0.242990 -2.606529
v 26.640707 0.292947 -1.508630
v 26.617857 0.320314 -0.438595
v 26.590294 0.330990 0.601920
v 26.554749 0.344587 1.661740
v 26.517391 0.356739 2.748411
v 26.482765 0.373555 3.855708
v 26.455832 0.375937 5.264067
v 26.343529 0.379854 7.208442
v 26.164331 0.413323 9.628583
v 25.761885 0.494462 12.543510
v 25.085484 0.597763 15.881785
v 24.114563 0.641624 19.451092
v 23.144060 0.572401 22.957211
v 22.280533 0.448152 26.274895
v 21.918823 0.330098 29.349318
v 21.710323 0.250145 32.155014
v 21.532894 0.187138 34.722500
v 21.372715 0.131209 37.011742
v 21.242857 0.082060 39.036160
v 21.157455 0.036691 40.817539
v 21.111176 -0.019202 42.378250
v 21.107357 -0.087558 43.730831
v 21.147461 -0.163777 44.872849
v 21.328188 -0.237024 45.769577
v 23.459776 -0.183867 -15.044275
v 23.591599 -0.026069 -14.663935
v 23.812666 0.080796 -13.507427
v 24.313147 0.100900 -10.715312
v 21.973585 0.200632 -7.332113
v 21.714668 0.169632 -5.308441
v 21.665115 0.196157 -3.872346
v 21.642706 0.254475 -2.768256
v 21.607203 0.310908 -1.678173
v 21.576977 0.352819 -0.609232
v 21.556190 0.374473 0.434270
v 21.537109 0.392778 1.489223
v 21.538439 0.396230 2.579673
v 21.546721 0.401962 3.695414
v 21.583868 0.415122 4.984577
v 21.531429 0.416616 6.819523
v 21.362045 0.451406 9.189745
v 20.975655 0.501118 12.089642
v 20.347218 0.533450 15.432838
v 19.414913 0.534971 19.048889
v 18.410921 0.515046 22.631212
v 17.479439 0.450000 26.086588
v 16.876835 0.391239 29.283503
v 16.630474 0.326520 32.177574
v 16.384590 0.273826 34.797474
v 16.164543 0.223922 37.129391
v 15.984808 0.186437 39.179295
v 15.860311 0.136159 40.972561
v 15.787940 0.063805 42.531895
v 15.774317 -0.021488 43.876247
v 15.809855 -0.101119 45.014423
v 15.945168 -0.178473 45.903740
v 18.145340 -0.217140 -13.920572
v 17.743399 -0.178626 -13.514997
v 17.333027 -0.121412 -13.121849
v 17.130791 -0.048434 -12.308174
v 17.318047 0.026220 -10.779502
v 16.836905 0.117242 -7.276223
v 16.604679 0.183597 -4.375560
v 16.717464 0.230035 -2.966376
v 16.626923 0.298822 -1.889353
v 16.569197 0.353266 -0.824669
v 16.563799 0.382669 0.223372
v 16.556986 0.408744 1.266437
v 16.580441 0.415135 2.350252
v 16.613024 0.431829 3.466285
v 16.688841 0.439441 4.659102
v 16.650333 0.430547 6.336625
v 16.445923 0.409267 8.573564
v 16.114552 0.356903 11.392603
v 15.608241 0.316011 14.718805
v 14.870001 0.320538 18.394896
v 14.003915 0.330287 22.084534
v 13.137397 0.322775 25.671398
v 12.358027 0.337044 28.997335
v 11.812508 0.323703 32.046951
v 11.536755 0.304333 34.733688
v 11.265999 0.290265 37.111649
v 11.020304 0.251219 39.192963
v 10.837177 0.181198 41.014160
v 10.730083 0.109374 42.604614
v 10.702896 0.033062 43.976559
v 10.740311 -0.045137 45.126373
v 10.865516 -0.125290 46.016422
v 12.604864 -0.216981 -11.040964
v 12.567724 -0.191414 -9.965548
v 12.549103 -0.145369 -8.805430
v 12.528923 -0.081299 -7.672343
v 12.535023 -0.006888 -6.502002
v 12.524047 0.071712 -5.353828
v 12.483006 0.131269 -4.253136
v 12.428438 0.178245 -3.183918
v 12.359550 0.224662 -2.122313
v 12.281410 0.314994 -1.065959
v 12.233795 0.337400 -0.015345
v 12.222910 0.386832 1.022919
v 12.238869 0.418029 2.087952
v 12.282523 0.433071 3.196629
v 12.340317 0.454681 4.335075
v 12.299907 0.427790 5.822774
v 12.091213 0.370808 7.920917
v 11.759709 0.287463 10.633442
v 11.365088 0.185867 13.944774
v 10.788220 0.160882 17.563412
v 10.115396 0.215002 21.322769
v 9.408184 0.296163 24.979868
v 8.715673 0.297504 28.513529
v 8.078012 0.301256 31.664595
v 7.622107 0.290119 34.435661
v 7.316083 0.282116 36.891739
v 7.038769 0.251435 39.060356
v 6.825639 0.200834 40.958614
v 6.692429 0.135652 42.609291
v 6.640876 0.069543 44.026970
v 6.666004 -0.002841 45.201313
v 6.778431 -0.081227 46.101387
v 9.381702 -0.228387 -11.078732
v 9.365891 -0.208746 -9.993810
v 9.364250 -0.170229 -8.884721
v 9.363226 -0.121082 -7.762871
v 9.359146 -0.059335 -6.640873
v 9.341471 0.008140 -5.536780
v 9.311593 0.053201 -4.456410
v 9.275944 0.095507 -3.401917
v 9.238430 0.157284 -2.360233
v 9.195900 0.228521 -1.314613
v 9.166263 0.251462 -0.266438
v 9.154450 0.306536 0.779832
v 9.151198 0.353995 1.828644
v 9.156598 0.393104 2.919249
v 9.180302 0.415688 4.050223
v 9.239560 0.412889 5.366087
v 9.148311 0.401376 7.301915
v 8.828076 0.318916 9.920057
v 8.291453 0.280285 13.095916
v 7.797729 0.307248 16.609571
v 7.282418 0.301443 20.389145
v 6.720471 0.336414 24.185261
v 6.143609 0.368835 27.805031
v 5.645246 0.338463 31.092192
v 5.243855 0.294940 33.986992
v 4.922864 0.282517 36.563366
v 4.670966 0.262231 38.830578
v 4.457986 0.219359 40.822170
v 4.305195 0.159066 42.552773
v 4.224906 0.100152 44.031479
v 4.220398 0.028834 45.236919
v 4.292021 -0.049339 46.154137
v 7.686278 -0.234517 -11.102002
v 7.693616 -0.222223 -10.049797
v 7.708030 -0.192156 -8.972211
v 7.726764 -0.154904 -7.879219
v 7.744458 -0.114613 -6.785938
v 7.755686 -0.070268 -5.707238
v 7.760404 -0.010585 -4.646820
v 7.758362 0.022418 -3.605724
v 7.744845 0.067150 -2.575774
v 7.720000 0.143072 -1.543010
v 7.691405 0.159859 -0.509494
v 7.673936 0.212796 0.531879
v 7.673840 0.249933 1.592068
v 7.671342 0.304820 2.665558
v 7.659763 0.326317 3.782924
v 7.647076 0.343062 4.993082
v 7.553761 0.376334 6.771354
v 7.339385 0.350660 9.239828
v 7.016693 0.353856 12.225027
v 6.591677 0.371623 15.634337
v 6.108392 0.360764 19.355274
v 5.559597 0.386836 23.190561
v 4.991514 0.409986 26.910507
v 4.509855 0.361447 30.339777
v 4.136560 0.294553 33.380646
v 3.830133 0.268172 36.098488
v 3.575240 0.254311 38.501831
v 3.367811 0.221286 40.605034
v 3.204324 0.170512 42.433060
v 3.115299 0.117778 43.983967
v 3.105990 0.046540 45.230076
v 3.170860 -0.031130 46.172642
v 6.659325 -0.237082 -11.111655
v 6.661829 -0.228993 -10.077437
v 6.667404 -0.208978 -9.031728
v 6.677783 -0.182800 -7.968765
v 6.686642 -0.151178 -6.904555
v 6.690369 -0.123854 -5.850078
v 6.689175 -0.087426 -4.808234
v 6.676621 -0.043433 -3.773216
v 6.654946 0.000861 -2.741563
v 6.623146 0.064606 -1.722019
v 6.587041 0.079603 -0.706451
v 6.567379 0.129649 0.318382
v 6.581094 0.176856 1.377945
v 6.607504 0.194416 2.459529
v 6.619029 0.252801 3.557733
v 6.619860 0.271692 4.713040
v 6.556637 0.294894 6.343453
v 6.370349 0.333671 8.620846
v 6.071005 0.329683 11.443256
v 5.660215 0.387747 14.711307
v 5.188817 0.414574 18.308208
v 4.626743 0.402088 22.151617
v 4.022446 0.433823 25.924379
v 3.495493 0.361225 29.492695
v 3.097492 0.265614 32.680305
v 2.789488 0.233738 35.527893
v 2.532856 0.236404 38.072205
v 2.326429 0.209518 40.309498
v 2.161877 0.169705 42.250111
v 2.064636 0.118390 43.879673
v 2.054328 0.047515 45.179928
v 2.123503 -0.028567 46.157528
v 5.634596 -0.237347 -11.112655
v 5.634727 -0.232013 -10.087670
v 5.636446 -0.218385 -9.056509
v 5.639462 -0.199766 -8.020072
v 5.640384 -0.183583 -6.983372
v 5.637569 -0.165149 -5.951387
v 5.628527 -0.138057 -4.927218
v 5.604021 -0.097758 -3.899279
v 5.525218 -0.054834 -2.833718
v 5.469035 0.011252 -1.810047
v 5.487090 0.032640 -0.854047
v 5.477898 0.077603 0.157304
v 5.504054 0.123699 1.213587
v 5.553309 0.157532 2.306412
v 5.588434 0.176205 3.406611
v 5.598773 0.214625 4.524035
v 5.554707 0.270624 6.015507
v 5.392751 0.273269 8.123987
v 5.122243 0.301236 10.764296
v 4.728751 0.349922 13.895563
v 4.268859 0.407701 17.370228
v 3.718075 0.408107 21.125362
v 3.070852 0.391374 24.981356
v 2.506699 0.323530 28.623907
v 2.086296 0.231649 31.915419
v 1.774077 0.185936 34.894356
v 1.523819 0.190690 37.575058
v 1.322337 0.180802 39.948734
v 1.163064 0.146777 42.005993
v 1.057016 0.101135 43.722588
v 1.041476 0.032169 45.091541
v 1.111581 -0.041317 46.114513
v 4.610123 -0.237347 -11.112655
v 4.610123 -0.232808 -10.088181
v 4.610124 -0.222934 -9.063708
v 4.610637 -0.216022 -8.037122
v 4.608048 -0.207576 -7.014227
v 4.600749 -0.196316 -5.999270
v 4.585547 -0.174466 -4.990489
v 4.527099 -0.140550 -3.960016
v 4.192584 -0.064098 -2.976111
v 3.902005 0.032134 -2.132339
v 4.232812 0.042893 -1.128853
v 4.430078 0.069565 0.071931
v 4.464453 0.079890 1.170119
v 4.523822 0.097720 2.241654
v 4.568558 0.142336 3.313956
v 4.582097 0.171605 4.406334
v 4.543842 0.182007 5.813866
v 4.403422 0.212890 7.779029
v 4.158336 0.247848 10.265127
v 3.784534 0.267329 13.267343
v 3.329953 0.297146 16.667332
v 2.776868 0.301400 20.356567
v 2.085049 0.318590 24.199718
v 1.490801 0.280454 27.893755
v 1.039614 0.186659 31.291521
v 0.724439 0.144039 34.374367
v 0.491272 0.144319 37.164845
v 0.312532 0.145671 39.633064
v 0.183294 0.111500 41.735241
v 0.086916 0.070232 43.536781
v 0.066431 0.003129 44.981960
v 0.133181 -0.068745 46.044361
v 3.585650 -0.237347 -11.112654
v 3.585650 -0.233277 -10.088181
v 3.585650 -0.226353 -9.063707
v 3.585651 -0.222837 -8.039235
v 3.582955 -0.220032 -7.019656
v 3.575393 -0.213999 -6.008636
v 3.562449 -0.202137 -5.002383
v 3.507216 -0.174794 -3.991465
v 3.075108 -0.089264 -3.272326
v 2.752482 0.002918 -2.600249
v 3.406064 -0.013132 -1.307316
v 3.537476 0.020917 0.279945
v 3.469500 0.051710 1.457693
v 3.521871 0.092489 2.466156
v 3.555400 0.112982 3.390062
v 3.566174 0.130289 4.343419
v 3.525862 0.147897 5.728400
v 3.401952 0.187491 7.588752
v 3.177640 0.179510 9.954406
v 2.828316 0.217004 12.818819
v 2.380943 0.227466 16.123108
v 1.772426 0.242696 19.765940
v 1.002736 0.247009 23.628727
v 0.380046 0.208036 27.364872
v -0.049174 0.136228 30.820440
v -0.363837 0.111076 33.983727
v -0.576270 0.107274 36.859859
v -0.728084 0.114531 39.388508
v -0.827032 0.086117 41.544937
v -0.891301 0.041624 43.380989
v -0.895176 -0.035328 44.864223
v -0.820696 -0.110940 45.936520
v 2.561177 -0.237347 -11.112654
v 2.561177 -0.234309 -10.088181
v 2.561178 -0.229389 -9.063707
v 2.561178 -0.227204 -8.039235
v 2.560223 -0.226822 -7.016496
v 2.554797 -0.223790 -6.001873
v 2.546317 -0.215438 -4.992795
v 2.521275 -0.195377 -3.987840
v 2.310329 -0.141330 -3.147398
v 2.188642 -0.077298 -2.240947
v 2.847978 -0.107532 -0.746807
v 2.534582 -0.012761 0.756349
v 2.489637 0.030468 1.910862
v 2.521246 0.062266 2.855012
v 2.536640 0.091776 3.640833
v 2.543923 0.098248 4.445341
v 2.503322 0.135789 5.699585
v 2.387290 0.164478 7.539054
v 2.179179 0.131674 9.836657
v 1.840647 0.159021 12.606239
v 1.373842 0.227791 15.819732
v 0.678408 0.224303 19.432449
v -0.162008 0.231856 23.282759
v -0.806543 0.182245 27.037909
v -1.195995 0.115805 30.544769
v -1.477138 0.091344 33.752041
v -1.663295 0.083969 36.652031
v -1.786636 0.090822 39.220249
v -1.855427 0.069123 41.398731
v -1.890409 0.001514 43.235241
v -1.877348 -0.074017 44.728470
v -1.785334 -0.154706 45.809322
v 1.536704 -0.237347 -11.112654
v 1.536704 -0.234748 -10.088181
v 1.536705 -0.231275 -9.063707
v 1.536705 -0.229233 -8.039235
v 1.536702 -0.229653 -7.014768
v 1.534254 -0.228031 -5.994740
v 1.528566 -0.220348 -4.980594
v 1.520361 -0.203754 -3.969085
v 1.498078 -0.172921 -2.936422
v 1.584812 -0.141750 -1.692688
v 1.657257 -0.094100 -0.256331
v 1.471600 -0.018019 1.141833
v 1.490106 0.037999 2.328720
v 1.500444 0.077088 3.215606
v 1.513973 0.078251 3.895200
v 1.513619 0.104754 4.630373
v 1.472177 0.126569 5.759855
v 1.359655 0.135110 7.570081
v 1.158673 0.121040 9.840803
v 0.800749 0.150435 12.604698
v 0.271879 0.217485 15.810872
v -0.511559 0.292551 19.381805
v -1.411579 0.279359 23.222099
v -2.053189 0.206700 26.962351
v -2.389278 0.125641 30.454096
v -2.598852 0.083218 33.635586
v -2.760108 0.057462 36.523998
v -2.855874 0.065634 39.071476
v -2.901674 0.018878 41.256977
v -2.909443 -0.038290 43.078419
v -2.879555 -0.115403 44.583340
v -2.772906 -0.194233 45.674950
v 0.512231 -0.237347 -11.112653
v 0.512232 -0.234649 -10.088180
v 0.512232 -0.231469 -9.063706
v 0.512232 -0.229853 -8.039234
v 0.512233 -0.229481 -7.014761
v 0.512102 -0.228001 -5.990524
v 0.509659 -0.221634 -4.970488
v 0.505439 -0.205750 -3.953676
v 0.499762 -0.177382 -2.896711
v 0.484084 -0.128538 -1.580902
v 0.473939 -0.082571 -0.118559
v 0.469786 -0.042684 1.309370
v 0.470265 0.013025 2.516215
v 0.478298 0.079304 3.372431
v 0.488446 0.071531 4.023041
v 0.480239 0.069556 4.759461
v 0.435059 0.091945 5.863774
v 0.314174 0.115492 7.682476
v 0.092921 0.124488 9.963388
v -0.284034 0.173164 12.719835
v -0.899887 0.253831 15.913740
v -1.777545 0.302992 19.476131
v -2.696127 0.315204 23.232464
v -3.312042 0.251004 26.903286
v -3.593359 0.156000 30.351023
v -3.720067 0.078926 33.498764
v -3.856962 0.037504 36.364555
v -3.934444 0.016662 38.915646
v -3.959485 -0.023755 41.096554
v -3.946411 -0.075287 42.919258
v -3.900865 -0.153283 44.437279
v -3.782263 -0.229091 45.541626
v -0.512242 -0.237347 -11.112653
v -0.512241 -0.234235 -10.088180
v -0.512241 -0.229969 -9.063706
v -0.512241 -0.227608 -8.039234
v -0.512240 -0.226559 -7.014761
v -0.512240 -0.223984 -5.990288
v -0.512257 -0.216339 -4.965846
v -0.513432 -0.203237 -3.943507
v -0.516133 -0.178313 -2.900130
v -0.525043 -0.124345 -1.624065
v -0.535817 -0.067161 -0.204436
v -0.543326 -0.026992 1.178215
v -0.545034 0.009555 2.353678
v -0.540053 0.072261 3.231092
v -0.532633 0.044108 3.919796
v -0.544761 0.053964 4.713169
v -0.598177 0.093207 5.903236
v -0.753118 0.103057 7.808616
v -1.007592 0.143237 10.135596
v -1.425447 0.190677 12.876871
v -2.120045 0.258810 16.027227
v -3.052304 0.320139 19.499279
v -3.975772 0.322242 23.152372
v -4.571398 0.248706 26.765665
v -4.803202 0.155369 30.172958
v -4.853823 0.061740 33.309998
v -4.953546 0.004324 36.183918
v -5.016303 -0.019903 38.740170
v -5.026520 -0.054984 40.925247
v -4.999525 -0.113503 42.768631
v -4.940334 -0.185944 44.299244
v -4.812479 -0.257850 45.417938
v -1.536714 -0.237347 -11.112652
v -1.536714 -0.232911 -10.088179
v -1.536714 -0.226854 -9.063705
v -1.536713 -0.223039 -8.039233
v -1.536713 -0.220501 -7.014760
v -1.536713 -0.216798 -5.990287
v -1.536712 -0.208050 -4.965815
v -1.536712 -0.192442 -3.941341
v -1.536714 -0.160622 -2.916873
v -1.540543 -0.124560 -1.760508
v -1.548249 -0.067401 -0.454990
v -1.555047 -0.034768 0.831367
v -1.557878 -0.001709 1.962337
v -1.554965 0.063739 2.879313
v -1.548099 0.032607 3.645743
v -1.561383 0.055194 4.538711
v -1.641034 0.072938 5.924300
v -1.832055 0.117081 7.918434
v -2.121619 0.137344 10.299664
v -2.618443 0.185557 13.033371
v -3.365604 0.248516 16.085884
v -4.327161 0.295556 19.447445
v -5.251316 0.280588 23.009161
v -5.821299 0.218784 26.548491
v -6.011864 0.121454 29.922768
v -5.998024 0.028593 33.051029
v -6.049270 -0.031373 35.943565
v -6.102052 -0.048741 38.538616
v -6.101198 -0.082146 40.756393
v -6.065801 -0.142828 42.631954
v -5.996522 -0.211440 44.178020
v -5.862164 -0.278048 45.312504
v -2.561188 -0.237347 -11.112652
v -2.561187 -0.228811 -10.088179
v -2.561187 -0.217859 -9.063705
v -2.561187 -0.210998 -8.039233
v -2.561186 -0.206743 -7.014760
v -2.561186 -0.200489 -5.990287
v -2.561185 -0.186328 -4.965815
v -2.561185 -0.160969 -3.941341
v -2.561185 -0.137172 -2.916868
v -2.561482 -0.095030 -1.881409
v -2.564834 -0.039314 -0.733209
v -2.568822 -0.023082 0.438492
v -2.570523 0.015447 1.525758
v -2.568782 0.073349 2.485991
v -2.564830 0.037784 3.364582
v -2.581181 0.062949 4.397470
v -2.697418 0.105137 5.992641
v -2.917749 0.132871 8.033718
v -3.247110 0.120140 10.439627
v -3.840463 0.154650 13.176921
v -4.645241 0.196032 16.166229
v -5.604373 0.276469 19.378551
v -6.506437 0.265850 22.812185
v -7.048803 0.214252 26.269169
v -7.202918 0.137109 29.591648
v -7.142446 0.046642 32.716927
v -7.140600 -0.045946 35.656448
v -7.191524 -0.067053 38.307163
v -7.183444 -0.104131 40.582874
v -7.142457 -0.158565 42.516682
v -7.067920 -0.225138 44.082096
v -6.929259 -0.287428 45.233757
v -3.585660 -0.237347 -11.112652
v -3.585660 -0.222954 -10.088179
v -3.585660 -0.198769 -9.063705
v -3.585659 -0.181594 -8.039233
v -3.585659 -0.168788 -7.014760
v -3.585659 -0.155374 -5.990287
v -3.585984 -0.126903 -4.965194
v -3.585658 -0.087247 -3.941341
v -3.585658 -0.053128 -2.916868
v -3.585657 -0.019485 -1.892395
v -3.585658 0.013028 -0.867889
v -3.586329 0.025661 0.181365
v -3.589466 0.076268 1.223215
v -3.595963 0.113895 2.225795
v -3.602036 0.086738 3.223941
v -3.632682 0.126886 4.390357
v -3.772936 0.118159 6.028755
v -4.014061 0.103308 8.095941
v -4.386264 0.080569 10.506162
v -5.045106 0.145632 13.236025
v -5.913415 0.146607 16.224613
v -6.906690 0.200378 19.405100
v -7.757081 0.279819 22.676006
v -8.252270 0.246284 25.998657
v -8.379519 0.131447 29.276321
v -8.289722 0.028814 32.412270
v -8.238729 -0.055391 35.379887
v -8.286817 -0.079472 38.084747
v -8.273249 -0.113384 40.433945
v -8.227482 -0.166102 42.428471
v -8.152105 -0.225463 44.020195
v -8.010769 -0.284164 45.189880
v -4.610133 -0.237347 -11.112651
v -4.610133 -0.217891 -10.088178
v -4.610132 -0.174896 -9.063704
v -4.610132 -0.135286 -8.039232
v -4.616493 -0.106379 -7.002656
v -4.683293 -0.072459 -5.851085
v -4.724772 -0.033603 -4.747693
v -4.684504 -0.005180 -3.799835
v -4.617080 0.014630 -2.903645
v -4.610130 0.055644 -1.892395
v -4.619767 0.081347 -0.871478
v -4.645519 0.093158 0.143493
v -4.678214 0.126593 1.155763
v -4.717892 0.155056 2.164500
v -4.741307 0.165639 3.179978
v -4.777439 0.139145 4.341056
v -4.926648 0.124317 5.975806
v -5.176555 0.121676 8.028208
v -5.579498 0.065794 10.424890
v -6.267954 0.110930 13.146276
v -7.152008 0.111563 16.133083
v -8.146163 0.154206 19.323164
v -8.994347 0.251113 22.576809
v -9.483294 0.223430 25.832293
v -9.599549 0.119365 29.034859
v -9.496894 0.032031 32.148674
v -9.413604 -0.018446 35.137623
v -9.445702 -0.043954 37.911320
v -9.408632 -0.082801 40.326183
v -9.339299 -0.145595 42.376316
v -9.249329 -0.207646 44.001251
v -9.102634 -0.267036 45.188721
v -5.634606 -0.237347 -11.112651
v -5.634606 -0.220897 -10.088178
v -5.634605 -0.183637 -9.063704
v -5.634605 -0.142865 -8.039232
v -5.707351 -0.085907 -6.876348
v -5.865086 -0.012412 -5.551762
v -5.945661 0.033247 -4.373982
v -5.865918 0.045164 -3.501346
v -5.715616 0.039226 -2.777815
v -5.666558 0.066547 -1.904184
v -5.718650 0.092060 -0.898932
v -5.814130 0.109930 0.087041
v -5.947222 0.132524 1.055292
v -6.060728 0.162700 2.031610
v -6.111030 0.136406 3.035957
v -6.132205 0.144747 4.187159
v -6.190207 0.201121 5.837412
v -6.392049 0.173756 7.872520
v -6.807278 0.121887 10.233958
v -7.499946 0.137967 12.933493
v -8.386066 0.117608 15.915435
v -9.390507 0.139889 19.090462
v -10.239831 0.231307 22.327747
v -10.706744 0.222271 25.571974
v -10.828698 0.121308 28.809507
v -10.736021 0.022803 31.978981
v -10.650296 0.015002 35.000664
v -10.673134 0.001717 37.821903
v -10.614788 -0.046128 40.282188
v -10.512156 -0.097713 42.370583
v -10.384469 -0.168305 44.033588
v -10.200981 -0.241038 45.213314
v -6.659079 -0.237347 -11.112651
v -6.659078 -0.224381 -10.088178
v -6.659078 -0.184959 -9.063704
v -6.659369 -0.139497 -8.038676
v -6.771930 -0.086137 -6.800040
v -6.968676 -0.013811 -5.401232
v -7.124918 0.050114 -4.199694
v -7.141751 0.045616 -3.427524
v -6.996250 0.059100 -2.798326
v -6.945919 0.098198 -2.015089
v -7.059598 0.110921 -1.035187
v -7.210268 0.128094 -0.070789
v -7.385316 0.177581 0.881194
v -7.571332 0.212952 1.825589
v -7.655506 0.214682 2.815262
v -7.659250 0.196537 3.940711
v -7.619891 0.215399 5.585083
v -7.641310 0.265878 7.661904
v -8.048350 0.211171 10.003068
v -8.743359 0.185932 12.695651
v -9.649424 0.174619 15.653887
v -10.640089 0.171869 18.779373
v -11.487808 0.216174 22.006603
v -11.925731 0.221322 25.280758
v -12.011259 0.132667 28.569448
v -11.929141 0.050313 31.770845
v -11.864803 0.001060 34.890259
v -11.892623 0.009375 37.749470
v -11.831360 -0.026110 40.263947
v -11.704209 -0.064350 42.350380
v -11.532351 -0.132226 44.053200
v -11.306796 -0.211924 45.239361
v -7.683552 -0.237347 -11.112650
v -7.683551 -0.224276 -10.088177
v -7.683551 -0.177923 -9.063704
v -7.683551 -0.113484 -8.039231
v -11.955052 -0.049496 -9.464207
v -7.915874 0.029962 -5.550265
v -8.175977 0.081342 -4.461713
v -8.370212 0.074557 -3.721751
v -8.398757 0.060703 -3.074739
v -8.516068 0.046742 -2.261752
v -8.736349 0.064444 -1.326930
v -8.892024 0.119298 -0.360711
v -8.992791 0.227201 0.629937
v -9.106989 0.273326 1.611285
v -9.227540 0.236558 2.585580
v -9.213214 0.233885 3.685636
v -9.089481 0.269637 5.309988
v -8.948260 0.355818 7.420194
v -9.303451 0.281349 9.780580
v -10.004215 0.265441 12.468243
v -10.915077 0.240542 15.391736
v -11.877377 0.196506 18.495052
v -12.698091 0.229337 21.739563
v -13.107954 0.191465 25.049538
v -13.164236 0.093056 28.374365
v -13.146026 -0.017261 31.657543
v -13.236540 -0.011464 34.766327
v -13.319526 0.011097 37.665977
v -13.212089 -0.004945 40.231739
v -12.979978 -0.036699 42.350216
v -12.761899 -0.105378 44.052776
v -12.412296 -0.186085 45.258739
v -10.309074 -0.237347 -11.112649
v -10.308939 -0.226012 -10.088177
v -11.354066 -0.172628 -10.045440
v -14.317199 -0.098677 -13.811157
v -14.607726 -0.034328 -10.420831
v -10.182984 0.050308 -5.849236
v -10.230344 0.159719 -4.848082
v -10.250088 0.138326 -4.094676
v -10.230616 0.142945 -3.373779
v -10.405200 0.151773 -2.497216
v -10.444067 0.188643 -1.540738
v -10.390736 0.285608 -0.535592
v -10.391749 0.338263 0.479332
v -10.516842 0.314974 1.458091
v -10.668053 0.261642 2.419609
v -10.641580 0.261578 3.498521
v -10.473307 0.303163 5.078791
v -10.257811 0.370465 7.194769
v -10.659195 0.349739 9.586906
v -11.649984 0.308326 12.268208
v -12.992720 0.288092 15.187640
v -14.323164 0.257038 18.273188
v -15.321471 0.241237 21.476782
v -15.946366 0.166209 24.768120
v -16.492489 0.021906 28.144407
v -16.890791 0.015907 31.437668
v -17.516476 0.064934 34.605843
v -17.859035 0.118428 37.567162
v -17.687796 0.087981 40.199631
v -17.094774 0.021323 42.347687
v -16.663504 -0.073307 44.042500
v -15.655305 -0.166097 45.266083
v -16.143764 -0.260087 -15.956905
v -16.905439 -0.210937 -17.794319
v -17.737726 -0.106312 -18.794359
v -18.099611 -0.002447 -17.642761
v -16.399761 0.092279 -13.918499
v -16.014511 0.145817 -7.063128
v -15.218235 0.116430 -5.260757
v -14.878472 0.123706 -4.109529
v -14.571854 0.181329 -3.174971
v -14.396388 0.173695 -2.227838
v -14.320192 0.126870 -1.267570
v -14.064445 0.153803 -0.294137
v -13.799877 0.220272 0.655457
v -13.543335 0.286575 1.589483
v -13.396869 0.313869 2.562535
v -13.396204 0.332726 3.613389
v -13.633396 0.381543 5.089255
v -14.274717 0.409319 7.038469
v -15.426109 0.426021 9.396996
v -17.027164 0.466834 12.077085
v -18.753874 0.504005 14.976318
v -20.108168 0.535101 18.035122
v -21.036079 0.505674 21.234646
v -21.825319 0.399423 24.563591
v -22.634478 0.298392 27.965786
v -23.510141 0.283106 31.337198
v -24.491138 0.268254 34.577805
v -24.983212 0.226571 37.547276
v -24.781958 0.136876 40.183502
v -24.002077 0.035597 42.340328
v -23.284685 -0.069722 44.030102
v -21.908876 -0.158149 45.266071
v -24.298939 -0.164555 -11.636656
v -25.025148 -0.101342 -11.064254
v -25.365471 -0.039936 -10.253759
v -23.580065 -0.000171 -11.364529
v -24.048382 0.011603 -7.522196
v -22.830917 0.048887 -6.083666
v -22.655052 0.149755 -5.019411
v -22.450624 0.284661 -4.055323
v -22.340195 0.360058 -3.106227
v -22.352674 0.380632 -2.166900
v -22.255413 0.406955 -1.230108
v -22.084610 0.429498 -0.291148
v -21.812689 0.438586 0.656026
v -21.376986 0.465335 1.619017
v -21.012417 0.417910 2.598795
v -21.018049 0.413806 3.604674
v -21.535393 0.436385 4.933292
v -22.513182 0.492976 6.804860
v -23.829382 0.576080 9.170400
v -25.451488 0.649905 11.858967
v -27.113262 0.667374 14.785234
v -28.507917 0.601700 17.909775
v -29.321222 0.556098 21.165813
v -30.218470 0.429743 24.562319
v -30.970806 0.342234 27.990831
v -31.803104 0.289013 31.379818
v -32.648388 0.256025 34.621544
v -33.169807 0.207051 37.577621
v -32.996174 0.120865 40.189705
v -32.210178 0.019579 42.332275
v -31.219690 -0.073837 44.021172
v -29.855688 -0.156819 45.262798
v -32.028244 -0.237347 -11.112647
v -32.028244 -0.237347 -10.088176
v -32.025982 -0.231562 -9.052924
v -31.998703 -0.227520 -7.956967
v -31.822342 -0.229701 -6.828689
v -31.523214 -0.211314 -5.737538
v -31.616642 -0.144091 -4.726461
v -31.803978 -0.026833 -3.812201
v -31.953382 0.104183 -2.959643
v -32.247387 0.177079 -2.128459
v -32.368073 0.247894 -1.275606
v -32.300430 0.300106 -0.368634
v -32.010479 0.359787 0.570998
v -31.675488 0.380080 1.524696
v -31.247601 0.398074 2.499030
v -31.311907 0.384087 3.499485
v -31.694550 0.383145 4.789455
v -32.557243 0.416556 6.641935
v -33.715546 0.452779 9.037052
v -35.139362 0.454966 11.807063
v -36.574009 0.416025 14.820555
v -37.697426 0.357690 18.008030
v -38.452137 0.313786 21.323233
v -39.128983 0.262071 24.734339
v -39.735535 0.252555 28.159584
v -40.399181 0.240595 31.536512
v -41.045921 0.204532 34.754856
v -41.457981 0.152174 37.667004
v -41.291267 0.079245 40.219597
v -40.583031 -0.003891 42.332314
v -39.535763 -0.080225 44.018795
v -38.373505 -0.160848 45.258724
v -40.625824 -0.237347 -11.112648
v -40.625824 -0.237347 -10.088176
v -40.625824 -0.237345 -9.063703
v -40.623375 -0.216356 -8.039230
v -40.543999 -0.239629 -6.980401
v -40.437305 -0.384569 -5.862634
v -40.462749 -0.549395 -4.732246
v -40.866276 -0.670915 -3.595399
v -41.315777 -0.632662 -2.547132
v -41.740150 -0.414955 -1.693140
v -42.027477 -0.128214 -0.960216
v -42.160828 0.084950 -0.238616
v -42.077881 0.226801 0.548559
v -41.837273 0.277383 1.465272
v -41.706455 0.280788 2.444219
v -41.755592 0.265869 3.452540
v -41.923828 0.235059 4.720725
v -42.455338 0.225635 6.557277
v -43.256863 0.225277 8.948238
v -44.250698 0.221029 11.768003
v -45.303627 0.206999 14.853354
v -46.147339 0.196330 18.106785
v -46.814064 0.185304 21.486238
v -47.413940 0.167807 24.943892
v -47.922199 0.163395 28.399860
v -48.415344 0.145226 31.773342
v -48.790028 0.119171 34.938499
v -49.004688 0.086105 37.772137
v -48.856892 0.036576 40.261959
v -48.292503 -0.022726 42.344395
v -47.474697 -0.090225 44.023598
v -46.548874 -0.169199 45.254047
v -48.233284 -0.385798 -10.975965
v -48.200516 -0.513818 -9.833618
v -48.185081 -0.574124 -8.753618
v -48.200516 -0.513816 -7.784672
v -48.249565 -0.371199 -6.883782
v -48.368114 -0.222355 -5.986948
v -48.525288 -0.176874 -4.997919
v -48.734379 -0.188220 -3.974344
v -49.193481 -0.198978 -2.967279
v -49.605312 -0.175623 -2.016709
v -49.928947 -0.100525 -1.134874
v -50.133686 0.008188 -0.288502
v -50.218208 0.112032 0.559550
v -50.357414 0.195451 1.440920
v -50.505085 0.223511 2.394516
v -50.557789 0.225470 3.401663
v -50.621452 0.206094 4.658543
v -50.801212 0.187918 6.472969
v -51.219559 0.177617 8.841738
v -51.778816 0.165863 11.686489
v -52.433037 0.145131 14.832217
v -53.031300 0.118624 18.174026
v -53.567852 0.098115 21.641163
v -54.044003 0.088469 25.155973
v -54.465782 0.081189 28.637669
v -54.807846 0.072073 31.988157
v -55.042984 0.059055 35.100960
v -55.184963 0.042221 37.881359
v -55.101418 0.012029 40.321163
v -54.737675 -0.036168 42.365101
v -54.218102 -0.103526 44.032242
v -53.613766 -0.181441 45.246410
v -53.986000 -0.237347 -11.112648
v -53.979618 -0.264540 -10.053707
v -53.946106 -0.418923 -8.788553
v -53.902500 -0.625002 -7.424442
v -53.902260 -0.767107 -6.147268
v -54.023777 -0.758230 -5.103896
v -54.245567 -0.608208 -4.298530
v -54.533306 -0.393069 -3.628093
v -54.852993 -0.197927 -2.970199
v -55.183571 -0.050101 -2.248499
v -55.505718 0.031792 -1.394619
v -55.808071 0.081418 -0.476436
v -56.077328 0.125965 0.453810
v -56.295071 0.162801 1.402758
v -56.444210 0.185303 2.377046
v -56.502094 0.191832 3.383315
v -56.512299 0.179741 4.636460
v -56.563286 0.159389 6.445148
v -56.713749 0.136678 8.796852
v -56.976707 0.115553 11.647748
v -57.326965 0.087160 14.847356
v -57.713581 0.050537 18.252384
v -58.114151 0.027701 21.779907
v -58.505795 0.022295 25.340487
v -58.864067 0.024126 28.840780
v -59.161968 0.027816 32.180298
v -59.382862 0.028653 35.256554
v -59.537170 0.023694 37.987267
v -59.550930 -0.003071 40.378948
v -59.393753 -0.052628 42.382923
v -59.149529 -0.120593 44.038322
v -58.841305 -0.197880 45.231186
v -56.791367 -0.237347 -11.112647
v -56.791367 -0.237347 -10.088175
v -56.788494 -0.250990 -9.041000
v -56.773914 -0.321733 -7.893545
v -56.779041 -0.381431 -6.757046
v -56.882420 -0.360716 -5.759771
v -57.070511 -0.277745 -4.886826
v -57.315285 -0.181658 -4.060884
v -57.595707 -0.097803 -3.211321
v -57.890926 -0.045044 -2.298086
v -58.189232 0.007127 -1.383677
v -58.472858 0.056731 -0.463852
v -58.723827 0.100624 0.468022
v -58.924194 0.135667 1.418567
v -59.056149 0.158745 2.394353
v -59.103001 0.166938 3.401540
v -59.095070 0.157583 4.637239
v -59.128452 0.137982 6.424340
v -59.216164 0.110671 8.744833
v -59.368000 0.079579 11.549892
v -59.586506 0.047701 14.758850
v -59.857521 0.010236 18.202875
v -60.177235 -0.009709 21.767494
v -60.520542 -0.010364 25.354668
v -60.857075 -0.000558 28.864220
v -61.161842 0.010359 32.195816
v -61.419224 0.014737 35.252007
v -61.621674 0.007791 37.960869
v -61.716442 -0.022051 40.357613
v -61.701439 -0.074277 42.399841
v -61.596493 -0.142690 44.028667
v -61.418240 -0.216263 45.211937
vn -0.0004 0.9992 -0.0396
vn -0.0005 0.9991 -0.0414
vn -0.0006 0.9991 -0.0436
vn -0.0007 0.9991 -0.0432
vn -0.0007 0.9992 -0.0404
vn -0.0001 0.9994 -0.0359
vn 0.0019 0.9996 -0.0294
vn 0.0055 0.9997 -0.0238
vn 0.0100 0.9998 -0.0194
vn 0.0144 0.9998 -0.0122
vn 0.0173 0.9998 -0.0079
vn 0.0188 0.9998 -0.0093
vn 0.0192 0.9997 -0.0116
vn 0.0198 0.9998 -0.0086
vn 0.0215 0.9998 -0.0006
vn 0.0242 0.9997 0.0053
vn 0.0289 0.9996 0.0077
vn 0.0373 0.9993 0.0057
vn 0.0486 0.9988 0.0020
vn 0.0578 0.9983 0.0014
vn 0.0588 0.9982 0.0075
vn 0.0519 0.9985 0.0189
vn 0.0432 0.9987 0.0263
vn 0.0376 0.9989 0.0289
vn 0.0347 0.9990 0.0294
vn 0.0335 0.9990 0.0298
vn 0.0346 0.9989 0.0331
vn 0.0377 0.9984 0.0416
vn 0.0385 0.9981 0.0491
vn 0.0356 0.9980 0.0518
vn 0.0320 0.9979 0.0557
vn 0.0302 0.9978 0.0594
vn -0.0008 0.9992 -0.0397
vn -0.0010 0.9992 -0.0409
vn -0.0014 0.9991 -0.0429
vn -0.0015 0.9990 -0.0437
vn -0.0005 0.9991 -0.0427
vn 0.0016 0.9992 -0.0396
vn 0.0045 0.9994 -0.0335
vn 0.0080 0.9996 -0.0281
vn 0.0116 0.9997 -0.0235
vn 0.0145 0.9998 -0.0144
vn 0.0159 0.9998 -0.0083
vn 0.0166 0.9998 -0.0103
vn 0.0170 0.9998 -0.0121
vn 0.0173 0.9998 -0.0080
vn 0.0180 0.9998 -0.0011
vn 0.0202 0.9998 0.0034
vn 0.0261 0.9997 0.0031
vn 0.0361 0.9993 -0.0005
vn 0.0468 0.9989 -0.0027
vn 0.0513 0.9987 0.0012
vn 0.0464 0.9988 0.0130
vn 0.0367 0.9990 0.0245
vn 0.0287 0.9992 0.0291
vn 0.0243 0.9993 0.0295
vn 0.0224 0.9993 0.0290
vn 0.0219 0.9993 0.0288
vn 0.0233 0.9992 0.0315
vn 0.0262 0.9989 0.0393
vn 0.0281 0.9984 0.0482
vn 0.0275 0.9982 0.0536
vn 0.0254 0.9979 0.0596
vn 0.0243 0.9977 0.0638
vn 0.0750 0.9953 -0.0613
vn 0.0537 0.9973 -0.0504
vn 0.0324 0.9991 -0.0268
vn 0.0165 0.9997 -0.0202
vn 0.0077 0.9995 -0.0315
vn 0.0052 0.9990 -0.0438
vn 0.0072 0.9990 -0.0431
vn 0.0102 0.9993 -0.0373
vn 0.0123 0.9995 -0.0306
vn 0.0130 0.9998 -0.0172
vn 0.0130 0.9999 -0.0091
vn 0.0132 0.9998 -0.0117
vn 0.0133 0.9998 -0.0127
vn 0.0131 0.9999 -0.0077
vn 0.0129 0.9999 -0.0020
vn 0.0145 0.9999 -0.0017
vn 0.0206 0.9998 -0.0075
vn 0.0300 0.9995 -0.0128
vn 0.0368 0.9993 -0.0106
vn 0.0349 0.9994 0.0035
vn 0.0259 0.9994 0.0223
vn 0.0169 0.9993 0.0327
vn 0.0119 0.9994 0.0328
vn 0.0106 0.9995 0.0297
vn 0.0111 0.9996 0.0278
vn 0.0119 0.9996 0.0270
vn 0.0129 0.9995 0.0276
vn 0.0146 0.9993 0.0339
vn 0.0167 0.9988 0.0455
vn 0.0177 0.9983 0.0564
vn 0.0172 0.9976 0.0665
vn 0.0168 0.9973 0.0715
vn -0.0153 0.9925 -0.1209
vn -0.1394 0.9799 -0.1429
vn 0.0257 0.9995 -0.0195
vn 0.0164 0.9999 0.0028
vn 0.0152 0.9999 -0.0080
vn 0.0096 0.9995 -0.0311
vn 0.0065 0.9989 -0.0464
vn 0.0070 0.9989 -0.0461
vn 0.0083 0.9993 -0.0369
vn 0.0092 0.9997 -0.0207
vn 0.0102 0.9999 -0.0123
vn 0.0106 0.9999 -0.0115
vn 0.0099 0.9999 -0.0107
vn 0.0094 0.9999 -0.0077
vn 0.0096 1.0000 -0.0027
vn 0.0108 0.9999 -0.0059
vn 0.0133 0.9998 -0.0155
vn 0.0142 0.9997 -0.0204
vn 0.0105 0.9998 -0.0147
vn 0.0041 1.0000 0.0027
vn 0.0018 0.9998 0.0221
vn 0.0044 0.9995 0.0318
vn 0.0090 0.9995 0.0309
vn 0.0123 0.9996 0.0271
vn 0.0144 0.9996 0.0255
vn 0.0159 0.9996 0.0249
vn 0.0168 0.9995 0.0258
vn 0.0169 0.9993 0.0332
vn 0.0161 0.9988 0.0465
vn 0.0152 0.9981 0.0598
vn 0.0144 0.9973 0.0723
vn 0.0142 0.9968 0.0782
vn -0.2919 0.9159 -0.2757
vn -0.1078 0.9857 -0.1297
vn -0.0415 0.9983 -0.0411
vn -0.0253 0.9997 -0.0074
vn -0.0023 0.9999 -0.0142
vn 0.0021 0.9998 -0.0176
vn 0.0024 0.9993 -0.0379
vn 0.0015 0.9988 -0.0498
vn 0.0025 0.9989 -0.0459
vn 0.0042 0.9996 -0.0292
vn 0.0057 0.9998 -0.0189
vn 0.0064 0.9999 -0.0118
vn 0.0063 0.9999 -0.0080
vn 0.0064 0.9999 -0.0087
vn 0.0062 1.0000 -0.0033
vn 0.0045 1.0000 -0.0039
vn -0.0013 0.9999 -0.0102
vn -0.0131 0.9998 -0.0125
vn -0.0256 0.9996 -0.0118
vn -0.0307 0.9995 -0.0055
vn -0.0259 0.9996 0.0066
vn -0.0148 0.9998 0.0144
vn -0.0024 0.9999 0.0170
vn 0.0064 0.9998 0.0190
vn 0.0115 0.9998 0.0191
vn 0.0150 0.9997 0.0203
vn 0.0160 0.9995 0.0261
vn 0.0147 0.9992 0.0376
vn 0.0135 0.9986 0.0512
vn 0.0131 0.9979 0.0632
vn 0.0130 0.9970 0.0761
vn 0.0130 0.9964 0.0838
vn -0.0649 0.9696 -0.2360
vn -0.0418 0.9945 -0.0962
vn -0.0542 0.9961 -0.0692
vn -0.0491 0.9974 -0.0534
vn -0.0298 0.9988 -0.0392
vn -0.0205 0.9994 -0.0273
vn -0.0088 0.9994 -0.0331
vn -0.0062 0.9988 -0.0480
vn -0.0054 0.9984 -0.0565
vn -0.0038 0.9992 -0.0406
vn -0.0022 0.9996 -0.0268
vn 0.0001 0.9998 -0.0199
vn 0.0023 0.9999 -0.0115
vn 0.0039 0.9999 -0.0115
vn 0.0033 1.0000 -0.0018
vn -0.0014 1.0000 0.0069
vn -0.0111 0.9999 0.0087
vn -0.0246 0.9997 0.0082
vn -0.0357 0.9994 -0.0005
vn -0.0385 0.9992 -0.0098
vn -0.0316 0.9995 -0.0091
vn -0.0199 0.9998 -0.0036
vn -0.0107 0.9999 0.0027
vn -0.0043 1.0000 0.0076
vn 0.0011 1.0000 0.0094
vn 0.0046 0.9999 0.0137
vn 0.0060 0.9997 0.0258
vn 0.0069 0.9992 0.0390
vn 0.0084 0.9987 0.0499
vn 0.0105 0.9981 0.0608
vn 0.0120 0.9970 0.0764
vn 0.0124 0.9962 0.0865
vn -0.0207 0.9990 -0.0393
vn -0.0320 0.9981 -0.0521
vn -0.0427 0.9971 -0.0622
vn -0.0360 0.9978 -0.0564
vn -0.0276 0.9982 -0.0526
vn -0.0214 0.9987 -0.0459
vn -0.0182 0.9990 -0.0404
vn -0.0166 0.9988 -0.0469
vn -0.0149 0.9979 -0.0634
vn -0.0157 0.9987 -0.0481
vn -0.0159 0.9993 -0.0337
vn -0.0126 0.9993 -0.0353
vn -0.0087 0.9997 -0.0231
vn -0.0053 0.9998 -0.0175
vn -0.0042 1.0000 -0.0023
vn -0.0041 0.9999 0.0141
vn -0.0050 0.9997 0.0223
vn -0.0057 0.9997 0.0238
vn -0.0017 0.9999 0.0106
vn 0.0029 1.0000 -0.0034
vn 0.0043 0.9999 -0.0102
vn 0.0058 1.0000 -0.0073
vn 0.0061 1.0000 0.0008
vn 0.0032 1.0000 0.0059
vn -0.0003 1.0000 0.0059
vn -0.0008 1.0000 0.0092
vn 0.0014 0.9998 0.0214
vn 0.0047 0.9994 0.0344
vn 0.0079 0.9990 0.0438
vn 0.0107 0.9984 0.0548
vn 0.0127 0.9972 0.0738
vn 0.0132 0.9962 0.0856
vn -0.0049 0.9998 -0.0180
vn -0.0063 0.9996 -0.0262
vn -0.0097 0.9992 -0.0394
vn -0.0149 0.9987 -0.0486
vn -0.0220 0.9982 -0.0554
vn -0.0276 0.9982 -0.0536
vn -0.0303 0.9986 -0.0442
vn -0.0324 0.9984 -0.0463
vn -0.0334 0.9974 -0.0638
vn -0.0375 0.9982 -0.0475
vn -0.0399 0.9985 -0.0369
vn -0.0395 0.9982 -0.0448
vn -0.0382 0.9986 -0.0364
vn -0.0347 0.9991 -0.0258
vn -0.0316 0.9995 -0.0082
vn -0.0209 0.9998 0.0040
vn -0.0067 0.9998 0.0164
vn 0.0127 0.9997 0.0213
vn 0.0362 0.9993 0.0097
vn 0.0436 0.9990 0.0044
vn 0.0404 0.9992 -0.0016
vn 0.0335 0.9994 -0.0038
vn 0.0231 0.9997 0.0061
vn 0.0096 0.9999 0.0130
vn -0.0014 1.0000 0.0092
vn -0.0053 1.0000 0.0069
vn -0.0034 0.9999 0.0153
vn 0.0015 0.9996 0.0281
vn 0.0075 0.9993 0.0375
vn 0.0122 0.9987 0.0499
vn 0.0147 0.9974 0.0712
vn 0.0154 0.9964 0.0834
vn -0.0049 0.9999 -0.0123
vn -0.0074 0.9998 -0.0198
vn -0.0134 0.9994 -0.0307
vn -0.0212 0.9991 -0.0367
vn -0.0315 0.9987 -0.0408
vn -0.0426 0.9981 -0.0452
vn -0.0487 0.9979 -0.0423
vn -0.0499 0.9979 -0.0424
vn -0.0510 0.9969 -0.0596
vn -0.0573 0.9974 -0.0448
vn -0.0609 0.9975 -0.0354
vn -0.0602 0.9971 -0.0456
vn -0.0654 0.9971 -0.0385
vn -0.0678 0.9971 -0.0335
vn -0.0626 0.9979 -0.0185
vn -0.0537 0.9985 -0.0117
vn -0.0365 0.9993 -0.0035
vn -0.0099 0.9999 0.0065
vn 0.0189 0.9998 -0.0005
vn 0.0391 0.9992 0.0009
vn 0.0400 0.9992 0.0041
vn 0.0362 0.9993 -0.0014
vn 0.0187 0.9998 0.0074
vn -0.0056 0.9998 0.0182
vn -0.0188 0.9997 0.0130
vn -0.0197 0.9998 0.0042
vn -0.0156 0.9998 0.0091
vn -0.0089 0.9997 0.0211
vn -0.0011 0.9995 0.0311
vn 0.0041 0.9989 0.0461
vn 0.0065 0.9976 0.0691
vn 0.0082 0.9967 0.0811
vn -0.0030 1.0000 -0.0081
vn -0.0055 0.9999 -0.0139
vn -0.0118 0.9997 -0.0225
vn -0.0202 0.9994 -0.0265
vn -0.0302 0.9992 -0.0277
vn -0.0413 0.9986 -0.0328
vn -0.0498 0.9980 -0.0392
vn -0.0512 0.9978 -0.0416
vn -0.0492 0.9973 -0.0552
vn -0.0520 0.9977 -0.0434
vn -0.0534 0.9980 -0.0332
vn -0.0519 0.9976 -0.0454
vn -0.0549 0.9979 -0.0340
vn -0.0617 0.9976 -0.0314
vn -0.0649 0.9975 -0.0280
vn -0.0565 0.9982 -0.0214
vn -0.0479 0.9987 -0.0164
vn -0.0384 0.9992 -0.0075
vn -0.0194 0.9998 -0.0102
vn 0.0001 0.9999 -0.0110
vn 0.0151 0.9999 -0.0002
vn 0.0100 0.9999 -0.0008
vn -0.0124 0.9999 0.0046
vn -0.0329 0.9993 0.0186
vn -0.0405 0.9991 0.0149
vn -0.0375 0.9993 0.0017
vn -0.0314 0.9995 0.0027
vn -0.0247 0.9996 0.0140
vn -0.0180 0.9995 0.0248
vn -0.0141 0.9990 0.0421
vn -0.0115 0.9978 0.0659
vn -0.0092 0.9969 0.0780
vn -0.0010 1.0000 -0.0057
vn -0.0026 0.9999 -0.0097
vn -0.0075 0.9999 -0.0153
vn -0.0158 0.9997 -0.0170
vn -0.0251 0.9995 -0.0178
vn -0.0326 0.9992 -0.0229
vn -0.0377 0.9987 -0.0335
vn -0.0354 0.9983 -0.0460
vn -0.0214 0.9978 -0.0635
vn -0.0125 0.9989 -0.0452
vn -0.0155 0.9994 -0.0293
vn -0.0245 0.9990 -0.0371
vn -0.0387 0.9988 -0.0287
vn -0.0448 0.9987 -0.0260
vn -0.0466 0.9985 -0.0294
vn -0.0487 0.9985 -0.0264
vn -0.0504 0.9985 -0.0196
vn -0.0488 0.9987 -0.0133
vn -0.0450 0.9989 -0.0152
vn -0.0465 0.9987 -0.0197
vn -0.0519 0.9986 -0.0138
vn -0.0464 0.9989 -0.0074
vn -0.0471 0.9989 -0.0006
vn -0.0553 0.9984 0.0149
vn -0.0507 0.9986 0.0156
vn -0.0439 0.9990 0.0022
vn -0.0406 0.9992 -0.0022
vn -0.0374 0.9993 0.0083
vn -0.0338 0.9992 0.0198
vn -0.0314 0.9988 0.0375
vn -0.0289 0.9977 0.0619
vn -0.0265 0.9969 0.0740
vn -0.0003 1.0000 -0.0045
vn -0.0013 1.0000 -0.0072
vn -0.0048 0.9999 -0.0093
vn -0.0109 0.9999 -0.0087
vn -0.0173 0.9998 -0.0102
vn -0.0234 0.9996 -0.0161
vn -0.0295 0.9992 -0.0275
vn -0.0237 0.9982 -0.0557
vn 0.0019 0.9959 -0.0910
vn -0.0084 0.9991 -0.0412
vn -0.0211 0.9997 -0.0132
vn -0.0294 0.9993 -0.0233
vn -0.0358 0.9991 -0.0229
vn -0.0346 0.9990 -0.0266
vn -0.0339 0.9990 -0.0280
vn -0.0413 0.9989 -0.0221
vn -0.0485 0.9987 -0.0177
vn -0.0493 0.9987 -0.0149
vn -0.0523 0.9985 -0.0157
vn -0.0622 0.9979 -0.0176
vn -0.0744 0.9971 -0.0169
vn -0.0759 0.9970 -0.0140
vn -0.0678 0.9977 -0.0066
vn -0.0617 0.9980 0.0098
vn -0.0513 0.9986 0.0135
vn -0.0399 0.9992 0.0030
vn -0.0357 0.9994 -0.0031
vn -0.0351 0.9994 0.0053
vn -0.0350 0.9992 0.0177
vn -0.0376 0.9987 0.0352
vn -0.0416 0.9973 0.0601
vn -0.0423 0.9965 0.0720
vn -0.0004 1.0000 -0.0038
vn -0.0012 1.0000 -0.0054
vn -0.0031 1.0000 -0.0055
vn -0.0059 1.0000 -0.0037
vn -0.0094 0.9999 -0.0051
vn -0.0140 0.9999 -0.0101
vn -0.0201 0.9996 -0.0207
vn -0.0240 0.9976 -0.0646
vn -0.0391 0.9927 -0.1143
vn -0.0830 0.9945 -0.0632
vn -0.0770 0.9969 0.0178
vn -0.0692 0.9972 -0.0292
vn -0.0377 0.9989 -0.0291
vn -0.0304 0.9991 -0.0310
vn -0.0302 0.9992 -0.0243
vn -0.0306 0.9994 -0.0170
vn -0.0256 0.9995 -0.0180
vn -0.0305 0.9995 -0.0114
vn -0.0461 0.9989 -0.0095
vn -0.0460 0.9988 -0.0159
vn -0.0363 0.9993 -0.0108
vn -0.0342 0.9994 -0.0081
vn -0.0378 0.9993 -0.0027
vn -0.0429 0.9990 0.0097
vn -0.0375 0.9992 0.0116
vn -0.0282 0.9996 0.0031
vn -0.0260 0.9997 -0.0023
vn -0.0260 0.9997 0.0038
vn -0.0289 0.9994 0.0190
vn -0.0380 0.9986 0.0378
vn -0.0478 0.9969 0.0622
vn -0.0513 0.9959 0.0740
vn -0.0004 1.0000 -0.0031
vn -0.0010 1.0000 -0.0040
vn -0.0022 1.0000 -0.0037
vn -0.0033 1.0000 -0.0016
vn -0.0049 1.0000 -0.0021
vn -0.0069 1.0000 -0.0062
vn -0.0100 0.9998 -0.0152
vn -0.0258 0.9983 -0.0518
vn -0.0780 0.9933 -0.0847
vn -0.0899 0.9958 -0.0195
vn -0.0744 0.9971 -0.0161
vn -0.0407 0.9981 -0.0472
vn -0.0261 0.9989 -0.0380
vn -0.0208 0.9993 -0.0313
vn -0.0188 0.9996 -0.0204
vn -0.0159 0.9997 -0.0203
vn -0.0154 0.9997 -0.0196
vn -0.0228 0.9997 -0.0045
vn -0.0289 0.9996 -0.0034
vn -0.0237 0.9996 -0.0166
vn -0.0053 0.9999 -0.0121
vn 0.0121 0.9999 -0.0006
vn 0.0112 0.9999 0.0088
vn -0.0003 0.9999 0.0171
vn -0.0077 0.9999 0.0143
vn -0.0138 0.9999 0.0055
vn -0.0201 0.9998 -0.0006
vn -0.0261 0.9997 0.0044
vn -0.0349 0.9991 0.0221
vn -0.0436 0.9982 0.0414
vn -0.0496 0.9967 0.0642
vn -0.0520 0.9957 0.0770
vn -0.0001 1.0000 -0.0027
vn -0.0003 1.0000 -0.0032
vn -0.0009 1.0000 -0.0028
vn -0.0012 1.0000 -0.0010
vn -0.0015 1.0000 -0.0009
vn -0.0022 1.0000 -0.0047
vn -0.0035 0.9999 -0.0123
vn -0.0103 0.9996 -0.0279
vn -0.0316 0.9988 -0.0381
vn -0.0210 0.9995 -0.0222
vn -0.0129 0.9992 -0.0377
vn -0.0192 0.9987 -0.0466
vn -0.0178 0.9988 -0.0463
vn -0.0086 0.9995 -0.0290
vn -0.0091 0.9999 -0.0132
vn -0.0171 0.9996 -0.0211
vn -0.0221 0.9996 -0.0171
vn -0.0189 0.9998 -0.0032
vn -0.0070 1.0000 -0.0037
vn 0.0036 0.9999 -0.0164
vn 0.0159 0.9998 -0.0145
vn 0.0278 0.9996 -0.0009
vn 0.0300 0.9994 0.0147
vn 0.0249 0.9994 0.0238
vn 0.0125 0.9997 0.0200
vn -0.0050 0.9999 0.0114
vn -0.0212 0.9998 0.0033
vn -0.0346 0.9994 0.0078
vn -0.0433 0.9988 0.0242
vn -0.0457 0.9981 0.0419
vn -0.0472 0.9968 0.0639
vn -0.0491 0.9959 0.0765
vn 0.0001 1.0000 -0.0027
vn 0.0003 1.0000 -0.0031
vn 0.0006 1.0000 -0.0027
vn 0.0009 1.0000 -0.0011
vn 0.0014 1.0000 -0.0010
vn 0.0018 1.0000 -0.0043
vn 0.0014 0.9999 -0.0110
vn -0.0003 0.9998 -0.0210
vn 0.0003 0.9995 -0.0312
vn 0.0061 0.9994 -0.0348
vn 0.0062 0.9994 -0.0347
vn -0.0042 0.9992 -0.0391
vn -0.0089 0.9984 -0.0561
vn -0.0094 0.9997 -0.0215
vn -0.0166 0.9999 0.0014
vn -0.0218 0.9996 -0.0178
vn -0.0189 0.9997 -0.0171
vn -0.0096 0.9999 -0.0071
vn 0.0047 0.9999 -0.0098
vn 0.0150 0.9997 -0.0171
vn 0.0141 0.9998 -0.0170
vn 0.0135 0.9999 -0.0052
vn 0.0151 0.9998 0.0121
vn 0.0133 0.9996 0.0244
vn 0.0051 0.9997 0.0254
vn -0.0100 0.9998 0.0182
vn -0.0256 0.9996 0.0091
vn -0.0360 0.9993 0.0112
vn -0.0401 0.9989 0.0242
vn -0.0412 0.9983 0.0407
vn -0.0421 0.9972 0.0619
vn -0.0427 0.9964 0.0730
vn 0.0004 1.0000 -0.0033
vn 0.0010 1.0000 -0.0038
vn 0.0022 1.0000 -0.0034
vn 0.0044 1.0000 -0.0019
vn 0.0055 1.0000 -0.0050
vn 0.0063 0.9999 -0.0108
vn 0.0069 0.9998 -0.0203
vn 0.0072 0.9995 -0.0323
vn 0.0083 0.9992 -0.0386
vn 0.0103 0.9994 -0.0328
vn 0.0089 0.9995 -0.0311
vn 0.0099 0.9984 -0.0550
vn -0.0066 0.9999 -0.0155
vn -0.0151 0.9998 0.0088
vn -0.0092 0.9998 -0.0186
vn -0.0061 0.9998 -0.0181
vn -0.0015 0.9999 -0.0117
vn 0.0036 0.9999 -0.0143
vn 0.0012 0.9998 -0.0199
vn -0.0013 0.9998 -0.0193
vn -0.0051 0.9999 -0.0093
vn -0.0121 0.9999 0.0072
vn -0.0168 0.9996 0.0216
vn -0.0207 0.9994 0.0275
vn -0.0264 0.9994 0.0229
vn -0.0309 0.9994 0.0125
vn -0.0317 0.9994 0.0119
vn -0.0328 0.9992 0.0239
vn -0.0351 0.9986 0.0400
vn -0.0347 0.9977 0.0580
vn -0.0342 0.9971 0.0680
vn 0.0013 1.0000 -0.0050
vn 0.0028 1.0000 -0.0058
vn 0.0056 1.0000 -0.0054
vn 0.0079 1.0000 -0.0033
vn 0.0097 0.9999 -0.0032
vn 0.0118 0.9999 -0.0068
vn 0.0153 0.9998 -0.0133
vn 0.0190 0.9996 -0.0221
vn 0.0201 0.9993 -0.0317
vn 0.0213 0.9990 -0.0401
vn 0.0185 0.9993 -0.0331
vn 0.0150 0.9995 -0.0279
vn 0.0212 0.9986 -0.0494
vn 0.0063 0.9999 -0.0134
vn -0.0047 0.9999 0.0091
vn 0.0059 0.9998 -0.0211
vn 0.0073 0.9998 -0.0177
vn 0.0055 0.9999 -0.0115
vn -0.0066 0.9999 -0.0127
vn -0.0177 0.9996 -0.0218
vn -0.0220 0.9995 -0.0239
vn -0.0212 0.9997 -0.0134
vn -0.0198 0.9998 0.0062
vn -0.0179 0.9996 0.0202
vn -0.0146 0.9995 0.0278
vn -0.0180 0.9995 0.0263
vn -0.0227 0.9996 0.0146
vn -0.0246 0.9996 0.0114
vn -0.0256 0.9994 0.0235
vn -0.0254 0.9989 0.0385
vn -0.0233 0.9983 0.0533
vn -0.0229 0.9978 0.0618
vn 0.0024 1.0000 -0.0088
vn 0.0059 0.9999 -0.0107
vn 0.0131 0.9999 -0.0106
vn 0.0198 0.9998 -0.0071
vn 0.0251 0.9997 -0.0065
vn 0.0311 0.9994 -0.0116
vn 0.0400 0.9990 -0.0209
vn 0.0484 0.9985 -0.0267
vn 0.0521 0.9981 -0.0319
vn 0.0518 0.9979 -0.0394
vn 0.0453 0.9985 -0.0302
vn 0.0430 0.9987 -0.0269
vn 0.0478 0.9978 -0.0451
vn 0.0351 0.9993 -0.0128
vn 0.0239 0.9997 0.0067
vn 0.0305 0.9993 -0.0201
vn 0.0182 0.9998 -0.0115
vn -0.0046 1.0000 -0.0043
vn -0.0203 0.9997 -0.0103
vn -0.0268 0.9994 -0.0216
vn -0.0328 0.9992 -0.0249
vn -0.0295 0.9994 -0.0200
vn -0.0083 1.0000 0.0028
vn 0.0018 0.9998 0.0213
vn -0.0039 0.9996 0.0289
vn -0.0089 0.9995 0.0293
vn -0.0128 0.9998 0.0178
vn -0.0155 0.9998 0.0115
vn -0.0165 0.9996 0.0222
vn -0.0141 0.9993 0.0355
vn -0.0101 0.9988 0.0485
vn -0.0091 0.9984 0.0555
vn 0.0027 0.9999 -0.0139
vn 0.0079 0.9998 -0.0194
vn 0.0210 0.9995 -0.0223
vn 0.0358 0.9992 -0.0169
vn 0.0481 0.9987 -0.0144
vn 0.0578 0.9981 -0.0198
vn 0.0655 0.9974 -0.0294
vn 0.0706 0.9970 -0.0316
vn 0.0729 0.9968 -0.0330
vn 0.0704 0.9969 -0.0355
vn 0.0632 0.9977 -0.0236
vn 0.0591 0.9979 -0.0253
vn 0.0569 0.9976 -0.0400
vn 0.0499 0.9987 -0.0122
vn 0.0460 0.9989 0.0034
vn 0.0350 0.9994 -0.0082
vn 0.0106 0.9999 0.0005
vn -0.0077 1.0000 0.0052
vn -0.0172 0.9998 -0.0075
vn -0.0230 0.9996 -0.0176
vn -0.0345 0.9992 -0.0214
vn -0.0319 0.9991 -0.0267
vn -0.0140 0.9999 -0.0079
vn -0.0055 0.9998 0.0207
vn -0.0100 0.9995 0.0309
vn -0.0082 0.9996 0.0283
vn 0.0025 0.9998 0.0180
vn 0.0081 0.9999 0.0119
vn 0.0060 0.9998 0.0214
vn 0.0049 0.9994 0.0330
vn 0.0061 0.9990 0.0442
vn 0.0064 0.9987 0.0504
vn 0.0005 0.9999 -0.0170
vn 0.0023 0.9996 -0.0265
vn 0.0087 0.9994 -0.0347
vn 0.0207 0.9993 -0.0314
vn 0.0376 0.9989 -0.0297
vn 0.0521 0.9981 -0.0320
vn 0.0573 0.9978 -0.0320
vn 0.0532 0.9982 -0.0262
vn 0.0461 0.9985 -0.0289
vn 0.0409 0.9987 -0.0316
vn 0.0394 0.9990 -0.0194
vn 0.0363 0.9991 -0.0231
vn 0.0297 0.9990 -0.0320
vn 0.0233 0.9997 -0.0108
vn 0.0186 0.9998 0.0049
vn 0.0181 0.9998 -0.0000
vn 0.0251 0.9997 0.0039
vn 0.0249 0.9996 0.0161
vn 0.0130 0.9999 0.0037
vn -0.0002 1.0000 -0.0070
vn -0.0119 0.9999 -0.0095
vn -0.0165 0.9995 -0.0251
vn -0.0162 0.9998 -0.0129
vn -0.0139 0.9997 0.0190
vn -0.0111 0.9994 0.0313
vn 0.0003 0.9997 0.0229
vn 0.0202 0.9997 0.0126
vn 0.0302 0.9995 0.0122
vn 0.0291 0.9993 0.0214
vn 0.0277 0.9991 0.0322
vn 0.0252 0.9987 0.0435
vn 0.0224 0.9985 0.0497
vn -0.0016 0.9999 -0.0159
vn -0.0028 0.9996 -0.0271
vn -0.0038 0.9992 -0.0394
vn -0.0008 0.9991 -0.0414
vn 0.0074 0.9990 -0.0447
vn 0.0164 0.9989 -0.0440
vn 0.0217 0.9994 -0.0279
vn 0.0209 0.9997 -0.0120
vn 0.0193 0.9995 -0.0252
vn 0.0169 0.9994 -0.0298
vn 0.0148 0.9997 -0.0181
vn 0.0162 0.9996 -0.0228
vn 0.0203 0.9994 -0.0295
vn 0.0192 0.9998 -0.0084
vn 0.0160 0.9998 0.0085
vn 0.0217 0.9997 -0.0055
vn 0.0376 0.9993 -0.0057
vn 0.0493 0.9986 0.0186
vn 0.0479 0.9987 0.0187
vn 0.0340 0.9994 0.0091
vn 0.0204 0.9998 0.0049
vn 0.0092 0.9999 -0.0131
vn -0.0030 0.9999 -0.0110
vn -0.0059 0.9999 0.0162
vn -0.0006 0.9996 0.0296
vn 0.0035 0.9998 0.0190
vn 0.0100 0.9999 0.0066
vn 0.0181 0.9998 0.0104
vn 0.0251 0.9995 0.0199
vn 0.0312 0.9990 0.0308
vn 0.0322 0.9984 0.0469
vn 0.0303 0.9980 0.0549
vn -0.0008 0.9999 -0.0135
vn -0.0001 0.9996 -0.0265
vn 0.0045 0.9990 -0.0437
vn 0.0109 0.9989 -0.0462
vn 0.0154 0.9986 -0.0510
vn 0.0201 0.9986 -0.0494
vn 0.0193 0.9997 -0.0174
vn 0.0122 0.9999 -0.0007
vn 0.0056 0.9998 -0.0168
vn 0.0015 0.9997 -0.0245
vn 0.0002 0.9997 -0.0232
vn 0.0143 0.9990 -0.0413
vn 0.0319 0.9985 -0.0438
vn 0.0348 0.9994 -0.0073
vn 0.0302 0.9995 0.0124
vn 0.0305 0.9995 -0.0068
vn 0.0397 0.9990 -0.0206
vn 0.0548 0.9985 0.0091
vn 0.0575 0.9980 0.0269
vn 0.0496 0.9986 0.0191
vn 0.0396 0.9991 0.0161
vn 0.0236 0.9997 0.0001
vn 0.0037 1.0000 -0.0054
vn -0.0136 0.9998 0.0147
vn -0.0198 0.9994 0.0289
vn -0.0157 0.9997 0.0188
vn -0.0077 1.0000 0.0028
vn 0.0031 1.0000 0.0054
vn 0.0146 0.9998 0.0154
vn 0.0227 0.9994 0.0278
vn 0.0260 0.9984 0.0492
vn 0.0269 0.9978 0.0601
vn -0.0001 0.9999 -0.0123
vn 0.0040 0.9993 -0.0365
vn 0.0795 0.9791 -0.1871
vn 0.0492 0.9951 -0.0859
vn 0.0189 0.9994 -0.0298
vn 0.0375 0.9978 -0.0541
vn 0.0339 0.9992 -0.0206
vn 0.0271 0.9996 0.0105
vn 0.0209 0.9998 0.0003
vn 0.0170 0.9998 -0.0112
vn 0.0322 0.9988 -0.0370
vn 0.0540 0.9964 -0.0651
vn 0.0558 0.9973 -0.0484
vn 0.0343 0.9994 0.0069
vn 0.0194 0.9996 0.0197
vn 0.0234 0.9997 -0.0086
vn 0.0344 0.9990 -0.0291
vn 0.0425 0.9991 -0.0029
vn 0.0435 0.9987 0.0262
vn 0.0417 0.9989 0.0208
vn 0.0321 0.9993 0.0190
vn 0.0214 0.9997 0.0083
vn 0.0052 1.0000 0.0035
vn -0.0156 0.9997 0.0204
vn -0.0266 0.9993 0.0272
vn -0.0185 0.9998 0.0120
vn -0.0002 1.0000 -0.0042
vn 0.0120 0.9999 0.0001
vn 0.0162 0.9998 0.0132
vn 0.0169 0.9994 0.0296
vn 0.0153 0.9985 0.0531
vn 0.0165 0.9978 0.0638
vn 0.4514 0.7645 -0.4602
vn 0.0679 0.9923 -0.1037
vn 0.6467 0.1206 -0.7532
vn 0.0992 0.9930 -0.0641
vn 0.0412 0.9987 -0.0302
vn 0.0218 0.9989 -0.0426
vn 0.0169 0.9997 -0.0193
vn 0.0158 0.9999 0.0005
vn 0.0251 0.9997 -0.0049
vn 0.0282 0.9996 -0.0009
vn 0.0306 0.9990 -0.0340
vn 0.0336 0.9973 -0.0648
vn 0.0255 0.9989 -0.0396
vn 0.0126 0.9999 0.0085
vn 0.0153 0.9998 0.0137
vn 0.0225 0.9996 -0.0152
vn 0.0228 0.9993 -0.0282
vn 0.0207 0.9997 -0.0089
vn 0.0244 0.9996 0.0157
vn 0.0270 0.9995 0.0155
vn 0.0294 0.9994 0.0173
vn 0.0310 0.9994 0.0144
vn 0.0248 0.9995 0.0190
vn 0.0150 0.9993 0.0330
vn 0.0150 0.9995 0.0272
vn 0.0212 0.9998 0.0060
vn 0.0235 0.9997 -0.0034
vn 0.0190 0.9998 0.0052
vn 0.0133 0.9997 0.0224
vn 0.0088 0.9992 0.0401
vn 0.0048 0.9981 0.0611
vn 0.0054 0.9976 0.0688
vn 0.2850 -0.8974 -0.3369
vn 0.3695 -0.0733 -0.9263
vn -0.2140 0.5430 -0.8120
vn -0.0014 0.9975 -0.0703
vn 0.0406 0.9988 -0.0264
vn 0.0096 0.9997 -0.0230
vn 0.0040 0.9994 -0.0331
vn 0.0072 0.9991 -0.0417
vn 0.0133 0.9995 -0.0288
vn 0.0142 0.9999 0.0012
vn 0.0097 0.9998 -0.0192
vn -0.0003 0.9988 -0.0495
vn -0.0025 0.9989 -0.0473
vn 0.0045 0.9999 -0.0134
vn 0.0142 0.9999 0.0007
vn 0.0174 0.9997 -0.0174
vn 0.0148 0.9996 -0.0230
vn 0.0128 0.9999 -0.0107
vn 0.0178 0.9998 -0.0013
vn 0.0249 0.9997 0.0040
vn 0.0280 0.9995 0.0112
vn 0.0269 0.9995 0.0160
vn 0.0244 0.9994 0.0262
vn 0.0228 0.9991 0.0367
vn 0.0229 0.9995 0.0234
vn 0.0199 0.9998 0.0080
vn 0.0126 0.9999 0.0065
vn 0.0065 0.9998 0.0184
vn 0.0027 0.9994 0.0356
vn 0.0008 0.9987 0.0503
vn 0.0002 0.9979 0.0645
vn 0.0006 0.9974 0.0719
vn -0.0567 -0.9962 -0.0654
vn -0.3297 0.8610 -0.3872
vn -0.0415 0.9988 -0.0248
vn -0.0530 0.9977 -0.0428
vn -0.0252 0.9997 -0.0056
vn -0.0207 0.9993 -0.0301
vn -0.0169 0.9969 -0.0764
vn -0.0080 0.9953 -0.0965
vn -0.0013 0.9980 -0.0626
vn 0.0024 0.9996 -0.0291
vn 0.0078 0.9996 -0.0288
vn 0.0099 0.9992 -0.0377
vn 0.0090 0.9992 -0.0385
vn 0.0084 0.9998 -0.0158
vn 0.0070 1.0000 0.0054
vn 0.0044 1.0000 -0.0085
vn 0.0024 0.9998 -0.0181
vn 0.0027 0.9998 -0.0216
vn 0.0034 0.9998 -0.0191
vn 0.0008 1.0000 -0.0098
vn -0.0048 1.0000 0.0029
vn -0.0095 0.9999 0.0104
vn -0.0095 0.9998 0.0197
vn -0.0074 0.9997 0.0242
vn -0.0039 0.9999 0.0142
vn -0.0029 1.0000 0.0087
vn -0.0036 0.9999 0.0120
vn -0.0041 0.9997 0.0240
vn -0.0034 0.9992 0.0391
vn -0.0022 0.9987 0.0503
vn -0.0010 0.9981 0.0619
vn -0.0003 0.9976 0.0686
vn -0.0097 0.9997 -0.0245
vn -0.0127 0.9997 -0.0230
vn -0.0134 0.9999 -0.0097
vn -0.0131 0.9999 0.0016
vn -0.0179 0.9997 0.0183
vn -0.0282 0.9996 0.0004
vn -0.0401 0.9981 -0.0469
vn -0.0511 0.9946 -0.0900
vn -0.0507 0.9924 -0.1123
vn -0.0455 0.9896 -0.1366
vn -0.0314 0.9918 -0.1243
vn -0.0189 0.9960 -0.0878
vn -0.0116 0.9988 -0.0469
vn -0.0090 0.9999 -0.0126
vn -0.0070 0.9999 0.0096
vn -0.0074 1.0000 0.0049
vn -0.0096 0.9999 -0.0101
vn -0.0133 0.9997 -0.0215
vn -0.0181 0.9996 -0.0198
vn -0.0227 0.9997 -0.0103
vn -0.0244 0.9997 0.0016
vn -0.0230 0.9997 0.0061
vn -0.0197 0.9998 0.0105
vn -0.0150 0.9998 0.0099
vn -0.0109 0.9999 0.0053
vn -0.0090 0.9999 0.0068
vn -0.0083 0.9999 0.0119
vn -0.0072 0.9997 0.0214
vn -0.0051 0.9994 0.0335
vn -0.0028 0.9990 0.0435
vn -0.0014 0.9984 0.0572
vn -0.0008 0.9978 0.0662
vn -0.0131 0.9995 0.0294
vn -0.0164 0.9996 0.0214
vn -0.0206 0.9998 -0.0062
vn -0.0184 0.9995 -0.0260
vn -0.0092 1.0000 0.0019
vn -0.0029 0.9992 0.0410
vn -0.0079 0.9993 0.0360
vn -0.0096 0.9999 -0.0136
vn -0.0098 0.9951 -0.0982
vn -0.0104 0.9832 -0.1824
vn -0.0146 0.9797 -0.1998
vn -0.0151 0.9875 -0.1568
vn -0.0133 0.9956 -0.0926
vn -0.0104 0.9994 -0.0315
vn -0.0090 1.0000 -0.0009
vn -0.0086 0.9999 0.0120
vn -0.0098 0.9999 0.0051
vn -0.0121 0.9999 -0.0053
vn -0.0146 0.9999 -0.0059
vn -0.0159 0.9999 -0.0015
vn -0.0157 0.9999 0.0027
vn -0.0149 0.9999 0.0037
vn -0.0136 0.9999 0.0043
vn -0.0122 0.9999 0.0023
vn -0.0117 0.9999 0.0013
vn -0.0113 0.9999 0.0046
vn -0.0099 0.9999 0.0089
vn -0.0075 0.9998 0.0157
vn -0.0047 0.9997 0.0254
vn -0.0027 0.9993 0.0368
vn -0.0017 0.9985 0.0540
vn -0.0013 0.9979 0.0654
vn 0.0035 0.9979 0.0647
vn -0.0005 0.9981 0.0621
vn -0.0115 0.9993 0.0342
vn -0.0273 0.9996 -0.0096
vn -0.0392 0.9986 -0.0355
vn -0.0376 0.9987 -0.0357
vn -0.0206 0.9994 -0.0289
vn 0.0070 0.9992 -0.0391
vn 0.0215 0.9960 -0.0870
vn 0.0255 0.9914 -0.1283
vn 0.0175 0.9902 -0.1389
vn 0.0056 0.9922 -0.1242
vn -0.0035 0.9958 -0.0911
vn -0.0064 0.9990 -0.0451
vn -0.0063 0.9999 -0.0106
vn -0.0052 1.0000 0.0083
vn -0.0045 0.9999 0.0121
vn -0.0050 1.0000 0.0060
vn -0.0066 1.0000 0.0032
vn -0.0085 1.0000 0.0038
vn -0.0104 0.9999 0.0051
vn -0.0125 0.9999 0.0045
vn -0.0136 0.9999 0.0023
vn -0.0135 0.9999 0.0004
vn -0.0125 0.9999 0.0004
vn -0.0106 0.9999 0.0022
vn -0.0082 1.0000 0.0046
vn -0.0056 0.9999 0.0100
vn -0.0038 0.9998 0.0198
vn -0.0029 0.9994 0.0335
vn -0.0027 0.9986 0.0533
vn -0.0024 0.9979 0.0653
vn 0.0182 0.9990 0.0409
vn 0.0251 0.9978 0.0610
vn 0.0353 0.9958 0.0841
vn 0.0325 0.9976 0.0607
vn 0.0195 0.9998 -0.0097
vn 0.0155 0.9964 -0.0832
vn 0.0240 0.9911 -0.1309
vn 0.0301 0.9894 -0.1419
vn 0.0272 0.9923 -0.1207
vn 0.0177 0.9956 -0.0924
vn 0.0088 0.9971 -0.0753
vn 0.0023 0.9977 -0.0679
vn -0.0033 0.9983 -0.0588
vn -0.0070 0.9992 -0.0386
vn -0.0081 0.9998 -0.0160
vn -0.0076 1.0000 0.0021
vn -0.0068 0.9999 0.0106
vn -0.0072 0.9999 0.0094
vn -0.0093 0.9999 0.0073
vn -0.0122 0.9999 0.0067
vn -0.0147 0.9999 0.0076
vn -0.0163 0.9998 0.0062
vn -0.0165 0.9999 0.0019
vn -0.0152 0.9999 -0.0011
vn -0.0126 0.9999 -0.0018
vn -0.0096 1.0000 -0.0009
vn -0.0072 1.0000 0.0013
vn -0.0062 1.0000 0.0072
vn -0.0062 0.9998 0.0184
vn -0.0063 0.9994 0.0335
vn -0.0061 0.9985 0.0536
vn -0.0055 0.9978 0.0654
vn 0.0048 0.9999 0.0130
vn 0.0176 0.9990 0.0420
vn 0.0480 0.9949 0.0884
vn 0.0836 0.9918 0.0970
vn 0.1178 0.9920 0.0459
vn 0.1416 0.9887 -0.0486
vn 0.1352 0.9820 -0.1318
vn 0.0958 0.9831 -0.1559
vn 0.0456 0.9906 -0.1292
vn 0.0083 0.9958 -0.0910
vn -0.0069 0.9979 -0.0648
vn -0.0096 0.9986 -0.0529
vn -0.0100 0.9990 -0.0443
vn -0.0103 0.9994 -0.0316
vn -0.0101 0.9998 -0.0158
vn -0.0095 1.0000 0.0005
vn -0.0088 0.9999 0.0098
vn -0.0090 0.9999 0.0106
vn -0.0112 0.9999 0.0092
vn -0.0148 0.9999 0.0081
vn -0.0175 0.9998 0.0085
vn -0.0185 0.9998 0.0065
vn -0.0178 0.9998 0.0015
vn -0.0157 0.9999 -0.0021
vn -0.0123 0.9999 -0.0031
vn -0.0091 1.0000 -0.0022
vn -0.0075 1.0000 0.0002
vn -0.0078 0.9999 0.0068
vn -0.0087 0.9998 0.0186
vn -0.0091 0.9994 0.0338
vn -0.0088 0.9986 0.0529
vn -0.0084 0.9978 0.0651
s 1
usemtl Material.001
f 37//34 38//35 6//3 5//2
f 38//35 39//36 7//4 6//3
f 39//36 40//37 8//5 7//4
f 40//37 41//38 9//6 8//5
f 41//38 42//39 10//7 9//6
f 42//39 43//40 11//8 10//7
f 43//40 44//41 12//9 11//8
f 44//41 45//42 13//10 12//9
f 45//42 46//43 14//11 13//10
f 46//43 47//44 15//12 14//11
f 47//44 48//45 16//13 15//12
f 48//45 49//46 17//14 16//13
f 49//46 50//47 18//15 17//14
f 50//47 51//48 19//16 18//15
f 51//48 52//49 20//17 19//16
f 52//49 53//50 21//18 20//17
f 53//50 54//51 22//19 21//18
f 54//51 55//52 23//20 22//19
f 55//52 56//53 24//21 23//20
f 56//53 57//54 25//22 24//21
f 57//54 58//55 26//23 25//22
f 58//55 59//56 27//24 26//23
f 59//56 60//57 28//25 27//24
f 60//57 61//58 29//26 28//25
f 61//58 62//59 30//27 29//26
f 62//59 63//60 31//28 30//27
f 63//60 64//61 32//29 31//28
f 64//61 65//62 33//30 32//29
f 65//62 66//63 34//31 33//30
f 66//63 67//64 35//32 34//31
f 67//64 68//65 36//33 35//32
f 69//66 70//67 38//35 37//34
f 70//67 71//68 39//36 38//35
f 71//68 72//69 40//37 39//36
f 72//69 73//70 41//38 40//37
f 73//70 74//71 42//39 41//38
f 74//71 75//72 43//40 42//39
f 75//72 76//73 44//41 43//40
f 76//73 77//74 45//42 44//41
f 77//74 78//75 46//43 45//42
f 78//75 79//76 47//44 46//43
f 79//76 80//77 48//45 47//44
f 80//77 81//78 49//46 48//45
f 81//78 82//79 50//47 49//46
f 82//79 83//80 51//48 50//47
f 83//80 84//81 52//49 51//48
f 84//81 85//82 53//50 52//49
f 85//82 86//83 54//51 53//50
f 86//83 87//84 55//52 54//51
f 87//84 88//85 56//53 55//52
f 88//85 89//86 57//54 56//53
f 89//86 90//87 58//55 57//54
f 90//87 91//88 59//56 58//55
f 91//88 92//89 60//57 59//56
f 92//89 93//90 61//58 60//57
f 93//90 94//91 62//59 61//58
f 94//91 95//92 63//60 62//59
f 95//92 96//93 64//61 63//60
f 96//93 97//94 65//62 64//61
f 97//94 98//95 66//63 65//62
f 98//95 99//96 67//64 66//63
f 99//96 100//97 68//65 67//64
f 101//98 102//99 70//67 69//66
f 102//99 103//100 71//68 70//67
f 103//100 104//101 72//69 71//68
f 104//101 105//102 73//70 72//69
f 105//102 106//103 74//71 73//70
f 106//103 107//104 75//72 74//71
f 107//104 108//105 76//73 75//72
f 108//105 109//106 77//74 76//73
f 109//106 110//107 78//75 77//74
f 110//107 111//108 79//76 78//75
f 111//108 112//109 80//77 79//76
f 112//109 113//110 81//78 80//77
f 113//110 114//111 82//79 81//78
f 114//111 115//112 83//80 82//79
f 115//112 116//113 84//81 83//80
f 116//113 117//114 85//82 84//81
f 117//114 118//115 86//83 85//82
f 118//115 119//116 87//84 86//83
f 119//116 120//117 88//85 87//84
f 120//117 121//118 89//86 88//85
f 121//118 122//119 90//87 89//86
f 122//119 123//120 91//88 90//87
f 123//120 124//121 92//89 91//88
f 124//121 125//122 93//90 92//89
f 125//122 126//123 94//91 93//90
f 126//123 127//124 95//92 94//91
f 127//124 128//125 96//93 95//92
f 128//125 129//126 97//94 96//93
f 129//126 130//127 98//95 97//94
f 130//127 131//128 99//96 98//95
f 131//128 132//129 100//97 99//96
f 133//130 134//131 102//99 101//98
f 134//131 135//132 103//100 102//99
f 135//132 136//133 104//101 103//100
f 136//133 137//134 105//102 104//101
f 137//134 138//135 106//103 105//102
f 138//135 139//136 107//104 106//103
f 139//136 140//137 108//105 107//104
f 140//137 141//138 109//106 108//105
f 141//138 142//139 110//107 109//106
f 142//139 143//140 111//108 110//107
f 143//140 144//141 112//109 111//108
f 144//141 145//142 113//110 112//109
f 145//142 146//143 114//111 113//110
f 146//143 147//144 115//112 114//111
f 147//144 148//145 116//113 115//112
f 148//145 149//146 117//114 116//113
f 149//146 150//147 118//115 117//114
f 150//147 151//148 119//116 118//115
f 151//148 152//149 120//117 119//116
f 152//149 153//150 121//118 120//117
f 153//150 154//151 122//119 121//118
f 154//151 155//152 123//120 122//119
f 155//152 156//153 124//121 123//120
f 156//153 157//154 125//122 124//121
f 157//154 158//155 126//123 125//122
f 158//155 159//156 127//124 126//123
f 159//156 160//157 128//125 127//124
f 160//157 161//158 129//126 128//125
f 161//158 162//159 130//127 129//126
f 162//159 163//160 131//128 130//127
f 163//160 164//161 132//129 131//128
f 165//162 166//163 134//131 133//130
f 166//163 167//164 135//132 134//131
f 167//164 168//165 136//133 135//132
f 168//165 169//166 137//134 136//133
f 169//166 170//167 138//135 137//134
f 170//167 171//168 139//136 138//135
f 171//168 172//169 140//137 139//136
f 172//169 173//170 141//138 140//137
f 173//170 174//171 142//139 141//138
f 174//171 175//172 143//140 142//139
f 175//172 176//173 144//141 143//140
f 176//173 177//174 145//142 144//141
f 177//174 178//175 146//143 145//142
f 178//175 179//176 147//144 146//143
f 179//176 180//177 148//145 147//144
f 180//177 181//178 149//146 148//145
f 181//178 182//179 150//147 149//146
f 182//179 183//180 151//148 150//147
f 183//180 184//181 152//149 151//148
f 184//181 185//182 153//150 152//149
f 185//182 186//183 154//151 153//150
f 186//183 187//184 155//152 154//151
f 187//184 188//185 156//153 155//152
f 188//185 189//186 157//154 156//153
f 189//186 190//187 158//155 157//154
f 190//187 191//188 159//156 158//155
f 191//188 192//189 160//157 159//156
f 192//189 193//190 161//158 160//157
f 193//190 194//191 162//159 161//158
f 194//191 195//192 163//160 162//159
f 195//192 196//193 164//161 163//160
f 197//194 198//195 166//163 165//162
f 198//195 199//196 167//164 166//163
f 199//196 200//197 168//165 167//164
f 200//197 201//198 169//166 168//165
f 201//198 202//199 170//167 169//166
f 202//199 203//200 171//168 170//167
f 203//200 204//201 172//169 171//168
f 204//201 205//202 173//170 172//169
f 205//202 206//203 174//171 173//170
f 206//203 207//204 175//172 174//171
f 207//204 208//205 176//173 175//172
f 208//205 209//206 177//174 176//173
f 209//206 210//207 178//175 177//174
f 210//207 211//208 179//176 178//175
f 211//208 212//209 180//177 179//176
f 212//209 213//210 181//178 180//177
f 213//210 214//211 182//179 181//178
f 214//211 215//212 183//180 182//179
f 215//212 216//213 184//181 183//180
f 216//213 217//214 185//182 184//181
f 217//214 218//215 186//183 185//182
f 218//215 219//216 187//184 186//183
f 219//216 220//217 188//185 187//184
f 220//217 221//218 189//186 188//185
f 221//218 222//219 190//187 189//186
f 222//219 223//220 191//188 190//187
f 223//220 224//221 192//189 191//188
f 224//221 225//222 193//190 192//189
f 225//222 226//223 194//191 193//190
f 226//223 227//224 195//192 194//191
f 227//224 228//225 196//193 195//192
f 229//226 230//227 198//195 197//194
f 230//227 231//228 199//196 198//195
f 231//228 232//229 200//197 199//196
f 232//229 233//230 201//198 200//197
f 233//230 234//231 202//199 201//198
f 234//231 235//232 203//200 202//199
f 235//232 236//233 204//201 203//200
f 236//233 237//234 205//202 204//201
f 237//234 238//235 206//203 205//202
f 238//235 239//236 207//204 206//203
f 239//236 240//237 208//205 207//204
f 240//237 241//238 209//206 208//205
f 241//238 242//239 210//207 209//206
f 242//239 243//240 211//208 210//207
f 243//240 244//241 212//209 211//208
f 244//241 245//242 213//210 212//209
f 245//242 246//243 214//211 213//210
f 246//243 247//244 215//212 214//211
f 247//244 248//245 216//213 215//212
f 248//245 249//246 217//214 216//213
f 249//246 250//247 218//215 217//214
f 250//247 251//248 219//216 218//215
f 251//248 252//249 220//217 219//216
f 252//249 253//250 221//218 220//217
f 253//250 254//251 222//219 221//218
f 254//251 255//252 223//220 222//219
f 255//252 256//253 224//221 223//220
f 256//253 257//254 225//222 224//221
f 257//254 258//255 226//223 225//222
f 258//255 259//256 227//224 226//223
f 259//256 260//257 228//225 227//224
f 261//258 262//259 230//227 229//226
f 262//259 263//260 231//228 230//227
f 263//260 264//261 232//229 231//228
f 264//261 265//262 233//230 232//229
f 265//262 266//263 234//231 233//230
f 266//263 267//264 235//232 234//231
f 267//264 268//265 236//233 235//232
f 268//265 269//266 237//234 236//233
f 269//266 270//267 238//235 237//234
f 270//267 271//268 239//236 238//235
f 271//268 272//269 240//237 239//236
f 272//269 273//270 241//238 240//237
f 273//270 274//271 242//239 241//238
f 274//271 275//272 243//240 242//239
f 275//272 276//273 244//241 243//240
f 276//273 277//274 245//242 244//241
f 277//274 278//275 246//243 245//242
f 278//275 279//276 247//244 246//243
f 279//276 280//277 248//245 247//244
f 280//277 281//278 249//246 248//245
f 281//278 282//279 250//247 249//246
f 282//279 283//280 251//248 250//247
f 283//280 284//281 252//249 251//248
f 284//281 285//282 253//250 252//249
f 285//282 286//283 254//251 253//250
f 286//283 287//284 255//252 254//251
f 287//284 288//285 256//253 255//252
f 288//285 289//286 257//254 256//253
f 289//286 290//287 258//255 257//254
f 290//287 291//288 259//256 258//255
f 291//288 292//289 260//257 259//256
f 293//290 294//291 262//259 261//258
f 294//291 295//292 263//260 262//259
f 295//292 296//293 264//261 263//260
f 296//293 297//294 265//262 264//261
f 297//294 298//295 266//263 265//262
f 298//295 299//296 267//264 266//263
f 299//296 300//297 268//265 267//264
f 300//297 301//298 269//266 268//265
f 301//298 302//299 270//267 269//266
f 302//299 303//300 271//268 270//267
f 303//300 304//301 272//269 271//268
f 304//301 305//302 273//270 272//269
f 305//302 306//303 274//271 273//270
f 306//303 307//304 275//272 274//271
f 307//304 308//305 276//273 275//272
f 308//305 309//306 277//274 276//273
f 309//306 310//307 278//275 277//274
f 310//307 311//308 279//276 278//275
f 311//308 312//309 280//277 279//276
f 312//309 313//310 281//278 280//277
f 313//310 314//311 282//279 281//278
f 314//311 315//312 283//280 282//279
f 315//312 316//313 284//281 283//280
f 316//313 317//314 285//282 284//281
f 317//314 318//315 286//283 285//282
f 318//315 319//316 287//284 286//283
f 319//316 320//317 288//285 287//284
f 320//317 321//318 289//286 288//285
f 321//318 322//319 290//287 289//286
f 322//319 323//320 291//288 290//287
f 323//320 324//321 292//289 291//288
f 325//322 326//323 294//291 293//290
f 326//323 327//324 295//292 294//291
f 327//324 328//325 296//293 295//292
f 328//325 329//326 297//294 296//293
f 329//326 330//327 298//295 297//294
f 330//327 331//328 299//296 298//295
f 331//328 332//329 300//297 299//296
f 332//329 333//330 301//298 300//297
f 333//330 334//331 302//299 301//298
f 334//331 335//332 303//300 302//299
f 335//332 336//333 304//301 303//300
f 336//333 337//334 305//302 304//301
f 337//334 338//335 306//303 305//302
f 338//335 339//336 307//304 306//303
f 339//336 340//337 308//305 307//304
f 340//337 341//338 309//306 308//305
f 341//338 342//339 310//307 309//306
f 342//339 343//340 311//308 310//307
f 343//340 344//341 312//309 311//308
f 344//341 345//342 313//310 312//309
f 345//342 346//343 314//311 313//310
f 346//343 347//344 315//312 314//311
f 347//344 348//345 316//313 315//312
f 348//345 349//346 317//314 316//313
f 349//346 350//347 318//315 317//314
f 350//347 351//348 319//316 318//315
f 351//348 352//349 320//317 319//316
f 352//349 353//350 321//318 320//317
f 353//350 354//351 322//319 321//318
f 354//351 355//352 323//320 322//319
f 355//352 356//353 324//321 323//320
f 357//354 358//355 326//323 325//322
f 358//355 359//356 327//324 326//323
f 359//356 360//357 328//325 327//324
f 360//357 361//358 329//326 328//325
f 361//358 362//359 330//327 329//326
f 362//359 363//360 331//328 330//327
f 363//360 364//361 332//329 331//328
f 364//361 365//362 333//330 332//329
f 365//362 366//363 334//331 333//330
f 366//363 367//364 335//332 334//331
f 367//364 368//365 336//333 335//332
f 368//365 369//366 337//334 336//333
f 369//366 370//367 338//335 337//334
f 370//367 371//368 339//336 338//335
f 371//368 372//369 340//337 339//336
f 372//369 373//370 341//338 340//337
f 373//370 374//371 342//339 341//338
f 374//371 375//372 343//340 342//339
f 375//372 376//373 344//341 343//340
f 376//373 377//374 345//342 344//341
f 377//374 378//375 346//343 345//342
f 378//375 379//376 347//344 346//343
f 379//376 380//377 348//345 347//344
f 380//377 381//378 349//346 348//345
f 381//378 382//379 350//347 349//346
f 382//379 383//380 351//348 350//347
f 383//380 384//381 352//349 351//348
f 384//381 385//382 353//350 352//349
f 385//382 386//383 354//351 353//350
f 386//383 387//384 355//352 354//351
f 387//384 388//385 356//353 355//352
f 389//386 390//387 358//355 357//354
f 390//387 391//388 359//356 358//355
f 391//388 392//389 360//357 359//356
f 392//389 393//390 361//358 360//357
f 393//390 394//391 362//359 361//358
f 394//391 395//392 363//360 362//359
f 395//392 396//393 364//361 363//360
f 396//393 397//394 365//362 364//361
f 397//394 398//395 366//363 365//362
f 398//395 399//396 367//364 366//363
f 399//396 400//397 368//365 367//364
f 400//397 401//398 369//366 368//365
f 401//398 402//399 370//367 369//366
f 402//399 403//400 371//368 370//367
f 403//400 404//401 372//369 371//368
f 404//401 405//402 373//370 372//369
f 405//402 406//403 374//371 373//370
f 406//403 407//404 375//372 374//371
f 407//404 408//405 376//373 375//372
f 408//405 409//406 377//374 376//373
f 409//406 410//407 378//375 377//374
f 410//407 411//408 379//376 378//375
f 411//408 412//409 380//377 379//376
f 412//409 413//410 381//378 380//377
f 413//410 414//411 382//379 381//378
f 414//411 415//412 383//380 382//379
f 415//412 416//413 384//381 383//380
f 416//413 417//414 385//382 384//381
f 417//414 418//415 386//383 385//382
f 418//415 419//416 387//384 386//383
f 419//416 420//417 388//385 387//384
f 421//418 422//419 390//387 389//386
f 422//419 423//420 391//388 390//387
f 423//420 424//421 392//389 391//388
f 424//421 425//422 393//390 392//389
f 425//422 426//423 394//391 393//390
f 426//423 427//424 395//392 394//391
f 427//424 428//425 396//393 395//392
f 428//425 429//426 397//394 396//393
f 429//426 430//427 398//395 397//394
f 430//427 431//428 399//396 398//395
f 431//428 432//429 400//397 399//396
f 432//429 433//430 401//398 400//397
f 433//430 434//431 402//399 401//398
f 434//431 435//432 403//400 402//399
f 435//432 436//433 404//401 403//400
f 436//433 437//434 405//402 404//401
f 437//434 438//435 406//403 405//402
f 438//435 439//436 407//404 406//403
f 439//436 440//437 408//405 407//404
f 440//437 441//438 409//406 408//405
f 441//438 442//439 410//407 409//406
f 442//439 443//440 411//408 410//407
f 443//440 444//441 412//409 411//408
f 444//441 445//442 413//410 412//409
f 445//442 446//443 414//411 413//410
f 446//443 447//444 415//412 414//411
f 447//444 448//445 416//413 415//412
f 448//445 449//446 417//414 416//413
f 449//446 450//447 418//415 417//414
f 450//447 451//448 419//416 418//415
f 451//448 452//449 420//417 419//416
f 453//450 454//451 422//419 421//418
f 454//451 455//452 423//420 422//419
f 455//452 456//453 424//421 423//420
f 456//453 457//454 425//422 424//421
f 457//454 458//455 426//423 425//422
f 458//455 459//456 427//424 426//423
f 459//456 460//457 428//425 427//424
f 460//457 461//458 429//426 428//425
f 461//458 462//459 430//427 429//426
f 462//459 463//460 431//428 430//427
f 463//460 464//461 432//429 431//428
f 464//461 465//462 433//430 432//429
f 465//462 466//463 434//431 433//430
f 466//463 467//464 435//432 434//431
f 467//464 468//465 436//433 435//432
f 468//465 469//466 437//434 436//433
f 469//466 470//467 438//435 437//434
f 470//467 471//468 439//436 438//435
f 471//468 472//469 440//437 439//436
f 472//469 473//470 441//438 440//437
f 473//470 474//471 442//439 441//438
f 474//471 475//472 443//440 442//439
f 475//472 476//473 444//441 443//440
f 476//473 477//474 445//442 444//441
f 477//474 478//475 446//443 445//442
f 478//475 479//476 447//444 446//443
f 479//476 480//477 448//445 447//444
f 480//477 481//478 449//446 448//445
f 481//478 482//479 450//447 449//446
f 482//479 483//480 451//448 450//447
f 483//480 484//481 452//449 451//448
f 485//482 486//483 454//451 453//450
f 486//483 487//484 455//452 454//451
f 487//484 488//485 456//453 455//452
f 488//485 489//486 457//454 456//453
f 489//486 490//487 458//455 457//454
f 490//487 491//488 459//456 458//455
f 491//488 492//489 460//457 459//456
f 492//489 493//490 461//458 460//457
f 493//490 494//491 462//459 461//458
f 494//491 495//492 463//460 462//459
f 495//492 496//493 464//461 463//460
f 496//493 497//494 465//462 464//461
f 497//494 498//495 466//463 465//462
f 498//495 499//496 467//464 466//463
f 499//496 500//497 468//465 467//464
f 500//497 501//498 469//466 468//465
f 501//498 502//499 470//467 469//466
f 502//499 503//500 471//468 470//467
f 503//500 504//501 472//469 471//468
f 504//501 505//502 473//470 472//469
f 505//502 506//503 474//471 473//470
f 506//503 507//504 475//472 474//471
f 507//504 508//505 476//473 475//472
f 508//505 509//506 477//474 476//473
f 509//506 510//507 478//475 477//474
f 510//507 511//508 479//476 478//475
f 511//508 512//509 480//477 479//476
f 512//509 513//510 481//478 480//477
f 513//510 514//511 482//479 481//478
f 514//511 515//512 483//480 482//479
f 515//512 516//513 484//481 483//480
f 517//514 518//515 486//483 485//482
f 518//515 519//516 487//484 486//483
f 519//516 520//176 488//485 487//484
f 520//176 521//517 489//486 488//485
f 521//517 522//518 490//487 489//486
f 522//518 523//519 491//488 490//487
f 523//519 524//520 492//489 491//488
f 524//520 525//521 493//490 492//489
f 525//521 526//522 494//491 493//490
f 526//522 527//523 495//492 494//491
f 527//523 528//524 496//493 495//492
f 528//524 529//525 497//494 496//493
f 529//525 530//526 498//495 497//494
f 530//526 531//527 499//496 498//495
f 531//527 532//528 500//497 499//496
f 532//528 533//529 501//498 500//497
f 533//529 534//530 502//499 501//498
f 534//530 535//531 503//500 502//499
f 535//531 536//532 504//501 503//500
f 536//532 537//533 505//502 504//501
f 537//533 538//534 506//503 505//502
f 538//534 539//535 507//504 506//503
f 539//535 540//536 508//505 507//504
f 540//536 541//537 509//506 508//505
f 541//537 542//538 510//507 509//506
f 542//538 543//539 511//508 510//507
f 543//539 544//540 512//509 511//508
f 544//540 545//541 513//510 512//509
f 545//541 546//542 514//511 513//510
f 546//542 547//543 515//512 514//511
f 547//543 548//544 516//513 515//512
f 549//545 550//546 518//515 517//514
f 550//546 551//547 519//516 518//515
f 551//547 552//548 520//176 519//516
f 552//548 553//549 521//517 520//176
f 553//549 554//550 522//518 521//517
f 554//550 555//551 523//519 522//518
f 555//551 556//552 524//520 523//519
f 556//552 557//553 525//521 524//520
f 557//553 558//554 526//522 525//521
f 558//554 559//555 527//523 526//522
f 559//555 560//556 528//524 527//523
f 560//556 561//557 529//525 528//524
f 561//557 562//558 530//526 529//525
f 562//558 563//559 531//527 530//526
f 563//559 564//560 532//528 531//527
f 564//560 565//561 533//529 532//528
f 565//561 566//562 534//530 533//529
f 566//562 567//563 535//531 534//530
f 567//563 568//564 536//532 535//531
f 568//564 569//565 537//533 536//532
f 569//565 570//566 538//534 537//533
f 570//566 571//567 539//535 538//534
f 571//567 572//568 540//536 539//535
f 572//568 573//569 541//537 540//536
f 573//569 574//570 542//538 541//537
f 574//570 575//571 543//539 542//538
f 575//571 576//572 544//540 543//539
f 576//572 577//573 545//541 544//540
f 577//573 578//574 546//542 545//541
f 578//574 579//575 547//543 546//542
f 579//575 580//576 548//544 547//543
f 581//577 582//578 550//546 549//545
f 582//578 583//579 551//547 550//546
f 583//579 584//580 552//548 551//547
f 584//580 585//581 553//549 552//548
f 585//581 586//582 554//550 553//549
f 586//582 587//583 555//551 554//550
f 587//583 588//584 556//552 555//551
f 588//584 589//585 557//553 556//552
f 589//585 590//586 558//554 557//553
f 590//586 591//587 559//555 558//554
f 591//587 592//588 560//556 559//555
f 592//588 593//589 561//557 560//556
f 593//589 594//590 562//558 561//557
f 594//590 595//591 563//559 562//558
f 595//591 596//592 564//560 563//559
f 596//592 597//593 565//561 564//560
f 597//593 598//594 566//562 565//561
f 598//594 599//595 567//563 566//562
f 599//595 600//596 568//564 567//563
f 600//596 601//597 569//565 568//564
f 601//597 602//598 570//566 569//565
f 602//598 603//599 571//567 570//566
f 603//599 604//600 572//568 571//567
f 604//600 605//601 573//569 572//568
f 605//601 606//602 574//570 573//569
f 606//602 607//603 575//571 574//570
f 607//603 608//604 576//572 575//571
f 608//604 609//605 577//573 576//572
f 609//605 610//606 578//574 577//573
f 610//606 611//607 579//575 578//574
f 611//607 612//608 580//576 579//575
f 613//609 614//610 582//578 581//577
f 614//610 615//611 583//579 582//578
f 615//611 616//612 584//580 583//579
f 616//612 617//613 585//581 584//580
f 617//613 618//614 586//582 585//581
f 618//614 619//615 587//583 586//582
f 619//615 620//616 588//584 587//583
f 620//616 621//617 589//585 588//584
f 621//617 622//618 590//586 589//585
f 622//618 623//619 591//587 590//586
f 623//619 624//620 592//588 591//587
f 624//620 625//621 593//589 592//588
f 625//621 626//622 594//590 593//589
f 626//622 627//623 595//591 594//590
f 627//623 628//624 596//592 595//591
f 628//624 629//625 597//593 596//592
f 629//625 630//626 598//594 597//593
f 630//626 631//627 599//595 598//594
f 631//627 632//628 600//596 599//595
f 632//628 633//629 601//597 600//596
f 633//629 634//630 602//598 601//597
f 634//630 635//631 603//599 602//598
f 635//631 636//632 604//600 603//599
f 636//632 637//633 605//601 604//600
f 637//633 638//634 606//602 605//601
f 638//634 639//635 607//603 606//602
f 639//635 640//636 608//604 607//603
f 640//636 641//637 609//605 608//604
f 641//637 642//638 610//606 609//605
f 642//638 643//639 611//607 610//606
f 643//639 644//640 612//608 611//607
f 645//641 646//642 614//610 613//609
f 646//642 647//643 615//611 614//610
f 647//643 648//644 616//612 615//611
f 648//644 649//645 617//613 616//612
f 649//645 650//646 618//614 617//613
f 650//646 651//647 619//615 618//614
f 651//647 652//648 620//616 619//615
f 652//648 653//649 621//617 620//616
f 653//649 654//650 622//618 621//617
f 654//650 655//651 623//619 622//618
f 655//651 656//652 624//620 623//619
f 656//652 657//653 625//621 624//620
f 657//653 658//654 626//622 625//621
f 658//654 659//655 627//623 626//622
f 659//655 660//656 628//624 627//623
f 660//656 661//657 629//625 628//624
f 661//657 662//658 630//626 629//625
f 662//658 663//659 631//627 630//626
f 663//659 664//660 632//628 631//627
f 664//660 665//661 633//629 632//628
f 665//661 666//662 634//630 633//629
f 666//662 667//663 635//631 634//630
f 667//663 668//664 636//632 635//631
f 668//664 669//665 637//633 636//632
f 669//665 670//666 638//634 637//633
f 670//666 671//667 639//635 638//634
f 671//667 672//668 640//636 639//635
f 672//668 673//669 641//637 640//636
f 673//669 674//670 642//638 641//637
f 674//670 675//671 643//639 642//638
f 675//671 676//672 644//640 643//639
f 677//673 678//674 646//642 645//641
f 678//674 679//675 647//643 646//642
f 679//675 680//676 648//644 647//643
f 680//676 681//677 649//645 648//644
f 681//677 682//678 650//646 649//645
f 682//678 683//679 651//647 650//646
f 683//679 684//680 652//648 651//647
f 684//680 685//681 653//649 652//648
f 685//681 686//682 654//650 653//649
f 686//682 687//683 655//651 654//650
f 687//683 688//684 656//652 655//651
f 688//684 689//685 657//653 656//652
f 689//685 690//686 658//654 657//653
f 690//686 691//687 659//655 658//654
f 691//687 692//688 660//656 659//655
f 692//688 693//689 661//657 660//656
f 693//689 694//690 662//658 661//657
f 694//690 695//691 663//659 662//658
f 695//691 696//692 664//660 663//659
f 696//692 697//693 665//661 664//660
f 697//693 698//694 666//662 665//661
f 698//694 699//695 667//663 666//662
f 699//695 700//696 668//664 667//663
f 700//696 701//697 669//665 668//664
f 701//697 702//698 670//666 669//665
f 702//698 703//699 671//667 670//666
f 703//699 704//700 672//668 671//667
f 704//700 705//701 673//669 672//668
f 705//701 706//702 674//670 673//669
f 706//702 707//703 675//671 674//670
f 707//703 708//704 676//672 675//671
f 709//705 710//706 678//674 677//673
f 710//706 711//707 679//675 678//674
f 711//707 712//708 680//676 679//675
f 712//708 713//709 681//677 680//676
f 713//709 714//710 682//678 681//677
f 714//710 715//711 683//679 682//678
f 715//711 716//712 684//680 683//679
f 716//712 717//713 685//681 684//680
f 717//713 718//714 686//682 685//681
f 718//714 719//715 687//683 686//682
f 719//715 720//716 688//684 687//683
f 720//716 721//717 689//685 688//684
f 721//717 722//718 690//686 689//685
f 722//718 723//719 691//687 690//686
f 723//719 724//720 692//688 691//687
f 724//720 725//721 693//689 692//688
f 725//721 726//722 694//690 693//689
f 726//722 727//723 695//691 694//690
f 727//723 728//724 696//692 695//691
f 728//724 729//725 697//693 696//692
f 729//725 730//726 698//694 697//693
f 730//726 731//727 699//695 698//694
f 731//727 732//728 700//696 699//695
f 732//728 733//729 701//697 700//696
f 733//729 734//730 702//698 701//697
f 734//730 735//731 703//699 702//698
f 735//731 736//732 704//700 703//699
f 736//732 737//733 705//701 704//700
f 737//733 738//734 706//702 705//701
f 738//734 739//735 707//703 706//702
f 739//735 740//736 708//704 707//703
f 741//737 742//738 710//706 709//705
f 742//738 743//739 711//707 710//706
f 743//739 744//740 712//708 711//707
f 744//740 745//741 713//709 712//708
f 745//741 746//742 714//710 713//709
f 746//742 747//743 715//711 714//710
f 747//743 748//744 716//712 715//711
f 748//744 749//745 717//713 716//712
f 749//745 750//746 718//714 717//713
f 750//746 751//747 719//715 718//714
f 751//747 752//748 720//716 719//715
f 752//748 753//749 721//717 720//716
f 753//749 754//750 722//718 721//717
f 754//750 755//751 723//719 722//718
f 755//751 756//752 724//720 723//719
f 756//752 757//753 725//721 724//720
f 757//753 758//754 726//722 725//721
f 758//754 759//755 727//723 726//722
f 759//755 760//756 728//724 727//723
f 760//756 761//757 729//725 728//724
f 761//757 762//758 730//726 729//725
f 762//758 763//759 731//727 730//726
f 763//759 764//760 732//728 731//727
f 764//760 765//761 733//729 732//728
f 765//761 766//762 734//730 733//729
f 766//762 767//763 735//731 734//730
f 767//763 768//764 736//732 735//731
f 768//764 769//765 737//733 736//732
f 769//765 770//766 738//734 737//733
f 770//766 771//767 739//735 738//734
f 771//767 772//768 740//736 739//735
f 773//769 774//770 742//738 741//737
f 774//770 775//771 743//739 742//738
f 775//771 776//772 744//740 743//739
f 776//772 777//773 745//741 744//740
f 777//773 778//774 746//742 745//741
f 778//774 779//775 747//743 746//742
f 779//775 780//776 748//744 747//743
f 780//776 781//777 749//745 748//744
f 781//777 782//778 750//746 749//745
f 782//778 783//779 751//747 750//746
f 783//779 784//780 752//748 751//747
f 784//780 785//781 753//749 752//748
f 785//781 786//782 754//750 753//749
f 786//782 787//783 755//751 754//750
f 787//783 788//784 756//752 755//751
f 788//784 789//785 757//753 756//752
f 789//785 790//786 758//754 757//753
f 790//786 791//787 759//755 758//754
f 791//787 792//788 760//756 759//755
f 792//788 793//789 761//757 760//756
f 793//789 794//790 762//758 761//757
f 794//790 795//791 763//759 762//758
f 795//791 796//792 764//760 763//759
f 796//792 797//793 765//761 764//760
f 797//793 798//794 766//762 765//761
f 798//794 799//795 767//763 766//762
f 799//795 800//796 768//764 767//763
f 800//796 801//797 769//765 768//764
f 801//797 802//798 770//766 769//765
f 802//798 803//799 771//767 770//766
f 803//799 804//800 772//768 771//767
f 805//801 806//802 774//770 773//769
f 806//802 807//803 775//771 774//770
f 807//803 808//804 776//772 775//771
f 808//804 809//805 777//773 776//772
f 809//805 810//806 778//774 777//773
f 810//806 811//807 779//775 778//774
f 811//807 812//808 780//776 779//775
f 812//808 813//809 781//777 780//776
f 813//809 814//810 782//778 781//777
f 814//810 815//811 783//779 782//778
f 815//811 816//812 784//780 783//779
f 816//812 817//813 785//781 784//780
f 817//813 818//814 786//782 785//781
f 818//814 819//815 787//783 786//782
f 819//815 820//816 788//784 787//783
f 820//816 821//817 789//785 788//784
f 821//817 822//818 790//786 789//785
f 822//818 823//819 791//787 790//786
f 823//819 824//820 792//788 791//787
f 824//820 825//821 793//789 792//788
f 825//821 826//822 794//790 793//789
f 826//822 827//823 795//791 794//790
f 827//823 828//824 796//792 795//791
f 828//824 829//825 797//793 796//792
f 829//825 830//826 798//794 797//793
f 830//826 831//827 799//795 798//794
f 831//827 832//828 800//796 799//795
f 832//828 833//829 801//797 800//796
f 833//829 834//830 802//798 801//797
f 834//830 835//831 803//799 802//798
f 835//831 836//832 804//800 803//799
f 837//833 838//834 806//802 805//801
f 838//834 839//835 807//803 806//802
f 839//835 840//836 808//804 807//803
f 840//836 841//837 809//805 808//804
f 841//837 842//838 810//806 809//805
f 842//838 843//839 811//807 810//806
f 843//839 844//840 812//808 811//807
f 844//840 845//841 813//809 812//808
f 845//841 846//842 814//810 813//809
f 846//842 847//843 815//811 814//810
f 847//843 848//844 816//812 815//811
f 848//844 849//845 817//813 816//812
f 849//845 850//846 818//814 817//813
f 850//846 851//847 819//815 818//814
f 851//847 852//848 820//816 819//815
f 852//848 853//849 821//817 820//816
f 853//849 854//850 822//818 821//817
f 854//850 855//851 823//819 822//818
f 855//851 856//852 824//820 823//819
f 856//852 857//853 825//821 824//820
f 857//853 858//854 826//822 825//821
f 858//854 859//855 827//823 826//822
f 859//855 860//856 828//824 827//823
f 860//856 861//857 829//825 828//824
f 861//857 862//858 830//826 829//825
f 862//858 863//859 831//827 830//826
f 863//859 864//860 832//828 831//827
f 864//860 865//861 833//829 832//828
f 865//861 866//862 834//830 833//829
f 866//862 867//863 835//831 834//830
f 867//863 868//864 836//832 835//831
f 869//865 870//866 838//834 837//833
f 870//866 871//867 839//835 838//834
f 871//867 872//868 840//836 839//835
f 872//868 873//869 841//837 840//836
f 873//869 874//870 842//838 841//837
f 874//870 875//871 843//839 842//838
f 875//871 876//872 844//840 843//839
f 876//872 877//873 845//841 844//840
f 877//873 878//874 846//842 845//841
f 878//874 879//875 847//843 846//842
f 879//875 880//876 848//844 847//843
f 880//876 881//877 849//845 848//844
f 881//877 882//878 850//846 849//845
f 882//878 883//879 851//847 850//846
f 883//879 884//880 852//848 851//847
f 884//880 885//881 853//849 852//848
f 885//881 886//882 854//850 853//849
f 886//882 887//883 855//851 854//850
f 887//883 888//884 856//852 855//851
f 888//884 889//885 857//853 856//852
f 889//885 890//886 858//854 857//853
f 890//886 891//887 859//855 858//854
f 891//887 892//888 860//856 859//855
f 892//888 893//889 861//857 860//856
f 893//889 894//890 862//858 861//857
f 894//890 895//891 863//859 862//858
f 895//891 896//892 864//860 863//859
f 896//892 897//893 865//861 864//860
f 897//893 898//894 866//862 865//861
f 898//894 899//895 867//863 866//862
f 899//895 900//896 868//864 867//863
f 901//897 902//898 870//866 869//865
f 902//898 903//899 871//867 870//866
f 903//899 904//900 872//868 871//867
f 904//900 905//901 873//869 872//868
f 905//901 906//902 874//870 873//869
f 906//902 907//903 875//871 874//870
f 907//903 908//904 876//872 875//871
f 908//904 909//905 877//873 876//872
f 909//905 910//906 878//874 877//873
f 910//906 911//907 879//875 878//874
f 911//907 912//908 880//876 879//875
f 912//908 913//909 881//877 880//876
f 913//909 914//910 882//878 881//877
f 914//910 915//911 883//879 882//878
f 915//911 916//912 884//880 883//879
f 916//912 917//913 885//881 884//880
f 917//913 918//914 886//882 885//881
f 918//914 919//915 887//883 886//882
f 919//915 920//916 888//884 887//883
f 920//916 921//917 889//885 888//884
f 921//917 922//918 890//886 889//885
f 922//918 923//919 891//887 890//886
f 923//919 924//920 892//888 891//887
f 924//920 925//921 893//889 892//888
f 925//921 926//922 894//890 893//889
f 926//922 927//923 895//891 894//890
f 927//923 928//924 896//892 895//891
f 928//924 929//925 897//893 896//892
f 929//925 930//926 898//894 897//893
f 930//926 931//927 899//895 898//894
f 931//927 932//928 900//896 899//895
f 933//929 934//930 902//898 901//897
f 934//930 935//931 903//899 902//898
f 935//931 936//932 904//900 903//899
f 936//932 937//933 905//901 904//900
f 937//933 938//934 906//902 905//901
f 938//934 939//935 907//903 906//902
f 939//935 940//936 908//904 907//903
f 940//936 941//937 909//905 908//904
f 941//937 942//938 910//906 909//905
f 942//938 943//939 911//907 910//906
f 943//939 944//940 912//908 911//907
f 944//940 945//941 913//909 912//908
f 945//941 946//942 914//910 913//909
f 946//942 947//943 915//911 914//910
f 947//943 948//944 916//912 915//911
f 948//944 949//945 917//913 916//912
f 949//945 950//946 918//914 917//913
f 950//946 951//947 919//915 918//914
f 951//947 952//948 920//916 919//915
f 952//948 953//949 921//917 920//916
f 953//949 954//950 922//918 921//917
f 954//950 955//951 923//919 922//918
f 955//951 956//952 924//920 923//919
f 956//952 957//953 925//921 924//920
f 957//953 958//954 926//922 925//921
f 958//954 959//955 927//923 926//922
f 959//955 960//956 928//924 927//923
f 960//956 961//957 929//925 928//924
f 961//957 962//958 930//926 929//925
f 962//958 963//959 931//927 930//926
f 963//959 964//960 932//928 931//927
f 965//961 966//962 934//930 933//929
f 966//962 967//963 935//931 934//930
f 967//963 968//964 936//932 935//931
f 968//964 969//965 937//933 936//932
f 969//965 970//966 938//934 937//933
f 970//966 971//967 939//935 938//934
f 971//967 972//968 940//936 939//935
f 972//968 973//969 941//937 940//936
f 973//969 974//970 942//938 941//937
f 974//970 975//971 943//939 942//938
f 975//971 976//972 944//940 943//939
f 976//972 977//973 945//941 944//940
f 977//973 978//974 946//942 945//941
f 978//974 979//975 947//943 946//942
f 979//975 980//976 948//944 947//943
f 980//976 981//977 949//945 948//944
f 981//977 982//978 950//946 949//945
f 982//978 983//979 951//947 950//946
f 983//979 984//980 952//948 951//947
f 984//980 985//981 953//949 952//948
f 985//981 986//982 954//950 953//949
f 986//982 987//983 955//951 954//950
f 987//983 988//984 956//952 955//951
f 988//984 989//985 957//953 956//952
f 989//985 990//986 958//954 957//953
f 990//986 991//987 959//955 958//954
f 991//987 992//988 960//956 959//955
f 992//988 993//989 961//957 960//956
f 993//989 994//990 962//958 961//957
f 994//990 995//991 963//959 962//958
f 995//991 996//992 964//960 963//959
f 997//993 998//994 966//962 965//961
f 998//994 999//995 967//963 966//962
f 999//995 1000//996 968//964 967//963
f 1000//996 1001//997 969//965 968//964
f 1001//997 1002//998 970//966 969//965
f 1002//998 1003//999 971//967 970//966
f 1003//999 1004//1000 972//968 971//967
f 1004//1000 1005//1001 973//969 972//968
f 1005//1001 1006//1002 974//970 973//969
f 1006//1002 1007//1003 975//971 974//970
f 1007//1003 1008//1004 976//972 975//971
f 1008//1004 1009//1005 977//973 976//972
f 1009//1005 1010//1006 978//974 977//973
f 1010//1006 1011//1007 979//975 978//974
f 1011//1007 1012//1008 980//976 979//975
f 1012//1008 1013//1009 981//977 980//976
f 1013//1009 1014//1010 982//978 981//977
f 1014//1010 1015//1011 983//979 982//978
f 1015//1011 1016//1012 984//980 983//979
f 1016//1012 1017//1013 985//981 984//980
f 1017//1013 1018//1014 986//982 985//981
f 1018//1014 1019//1015 987//983 986//982
f 1019//1015 1020//1016 988//984 987//983
f 1020//1016 1021//1017 989//985 988//984
f 1021//1017 1022//1018 990//986 989//985
f 1022//1018 1023//1019 991//987 990//986
f 1023//1019 1024//1020 992//988 991//987
f 1024//1020 1025//1021 993//989 992//988
f 1025//1021 1026//1022 994//990 993//989
f 1026//1022 1027//1023 995//991 994//990
f 1027//1023 1028//1024 996//992 995//991
o Landscape.002
v -29.508652 -0.156593 -32.871269
v -29.760513 -0.108537 -35.117805
v -30.167936 -0.054931 -36.929440
v -30.565895 0.019241 -38.317909
v -30.900175 0.101786 -39.343803
v -31.171841 0.176607 -40.080841
v -31.393850 0.236734 -40.606369
v -31.575716 0.280697 -40.992397
v -31.722174 0.316841 -41.305752
v -31.832123 0.345410 -41.592323
v -31.908697 0.367257 -41.888222
v -31.962173 0.394141 -42.236176
v -31.992893 0.430526 -42.672958
v -31.991022 0.476913 -43.239052
v -31.876503 0.539280 -44.234612
v -31.621845 0.635954 -45.940506
v -31.556982 0.729757 -47.922504
v -31.927328 0.769813 -49.290142
v -32.664864 0.788389 -50.146759
v -33.513813 0.820851 -50.975487
v -34.063438 0.853034 -52.477394
v -26.698938 -0.157444 -33.843685
v -27.193247 -0.109641 -35.501511
v -27.763220 -0.054416 -37.190872
v -28.274649 0.022974 -38.541119
v -28.683794 0.104868 -39.537498
v -29.003174 0.177788 -40.253113
v -29.254740 0.239515 -40.761219
v -29.455080 0.287287 -41.129517
v -29.613550 0.329706 -41.419785
v -29.733992 0.365953 -41.674927
v -29.825665 0.391137 -41.933445
v -29.903261 0.418943 -42.243084
v -29.968596 0.453847 -42.641541
v -30.012205 0.499568 -43.173786
v -29.974842 0.564444 -44.131195
v -29.763205 0.659188 -45.797195
v -29.720406 0.754028 -47.710926
v -30.110809 0.820780 -49.032047
v -30.772333 0.885987 -49.910141
v -31.403988 0.958656 -50.898720
v -31.624914 1.004394 -52.791122
v -22.321133 -0.162716 -33.069359
v -22.717186 -0.114926 -33.863602
v -23.222542 -0.066582 -34.862095
v -23.795692 -0.014109 -35.980141
v -24.346272 0.044895 -37.024246
v -24.809790 0.114859 -37.834534
v -25.178873 0.181338 -38.442802
v -25.470451 0.234560 -38.905968
v -25.701048 0.286127 -39.278591
v -25.889565 0.327358 -39.603348
v -26.059258 0.349278 -39.925598
v -26.231342 0.372826 -40.296116
v -26.407135 0.413372 -40.746033
v -26.609083 0.451675 -41.329117
v -26.851257 0.513482 -42.307709
v -27.079744 0.611955 -43.989925
v -27.156054 0.743053 -45.957138
v -27.415741 0.871384 -47.480671
v -27.786066 0.999379 -48.646412
v -27.922396 1.119250 -50.141960
v -27.506687 1.144386 -52.830505
v -20.034143 -0.086992 -23.944586
v -19.670412 0.061552 -24.320522
v -19.344570 0.234724 -28.759693
v -19.216341 0.153374 -29.936310
v -19.108988 0.091482 -31.285807
v -19.175705 0.119383 -32.340588
v -19.340406 0.187323 -33.076805
v -19.550207 0.242990 -33.703850
v -19.780191 0.292947 -34.268051
v -20.038279 0.320314 -34.814400
v -20.322451 0.330990 -35.365673
v -20.653961 0.344587 -35.973129
v -21.047945 0.357263 -36.670345
v -21.511679 0.380496 -37.481773
v -22.204674 0.408302 -38.713715
v -23.118771 0.483979 -40.603481
v -23.917576 0.620294 -42.647415
v -24.350842 0.809628 -44.573635
v -24.324339 1.026915 -46.537544
v -23.743071 1.211285 -49.231289
v -22.791979 1.227834 -52.748375
v -19.165903 -0.038976 -21.776974
v -19.169527 0.118822 -22.032692
v -19.194639 0.225687 -22.574120
v -19.133236 0.245799 -23.923183
v -18.468348 0.209374 -25.806810
v -17.602123 0.173015 -27.289783
v -17.092646 0.201245 -28.275648
v -16.782673 0.260471 -29.011246
v -16.531929 0.317378 -29.755667
v -16.361868 0.359156 -30.537085
v -16.292450 0.379975 -31.374140
v -16.339609 0.396783 -32.293858
v -16.545790 0.398252 -33.334209
v -16.912636 0.402350 -34.413723
v -17.506218 0.415122 -35.636723
v -18.414774 0.426376 -37.317345
v -19.448187 0.517774 -39.380539
v -20.253119 0.678424 -41.870045
v -20.143806 0.891594 -45.027218
v -19.157310 1.100088 -48.755615
v -18.161427 1.170479 -52.371082
v -18.092739 -0.199333 -20.760944
v -17.764647 -0.160301 -21.192871
v -17.371082 -0.101908 -21.731575
v -16.922071 -0.026527 -22.722778
v -16.387972 0.052155 -24.274178
v -15.769271 0.137244 -25.944241
v -15.233961 0.200007 -27.375408
v -14.859141 0.248204 -28.417984
v -14.576406 0.317842 -29.214165
v -14.379471 0.372148 -29.995029
v -14.269073 0.400487 -30.772358
v -14.221507 0.424780 -31.570183
v -14.252000 0.428579 -32.437721
v -14.365944 0.442013 -33.385723
v -14.606552 0.445718 -34.477573
v -15.020256 0.436359 -36.061325
v -15.568060 0.451044 -38.135666
v -15.927849 0.511362 -40.843300
v -15.500912 0.668406 -44.262779
v -14.711761 0.882017 -48.050442
v -13.837683 0.985720 -51.782772
v -15.193289 -0.205271 -21.820602
v -14.899721 -0.174864 -23.079073
v -14.580241 -0.124714 -24.231716
v -14.234699 -0.056844 -25.262791
v -13.895479 0.020770 -26.235640
v -13.582319 0.101710 -27.109497
v -13.302260 0.162793 -27.889908
v -13.056754 0.210564 -28.608664
v -12.835318 0.257172 -29.297535
v -12.634902 0.347135 -29.970856
v -12.472894 0.368531 -30.645653
v -12.352504 0.416296 -31.332645
v -12.266861 0.445142 -32.073181
v -12.221451 0.457038 -32.897442
v -12.218010 0.479226 -33.819702
v -12.196013 0.466649 -35.159836
v -12.108768 0.461163 -37.267910
v -11.725774 0.485221 -40.061619
v -11.286963 0.541345 -43.475414
v -10.665206 0.720620 -47.200630
v -9.971351 0.870435 -51.009918
v -12.417202 -0.194991 -21.797421
v -12.390364 -0.170928 -22.990042
v -12.275752 -0.128545 -24.108063
v -12.095233 -0.076216 -25.130531
v -11.878652 -0.012066 -26.046858
v -11.643022 0.057116 -26.862516
v -11.401768 0.103275 -27.597649
v -11.163596 0.146130 -28.271500
v -10.929040 0.207959 -28.909029
v -10.691862 0.278804 -29.534000
v -10.467144 0.300781 -30.163172
v -10.260491 0.354231 -30.807972
v -10.066082 0.399426 -31.485781
v -9.880000 0.438756 -32.244076
v -9.717179 0.470109 -33.115814
v -9.593246 0.489824 -34.279999
v -9.330526 0.544797 -36.288681
v -8.838126 0.594032 -39.170158
v -8.193534 0.732094 -42.655743
v -7.668166 0.896785 -46.262341
v -7.138373 0.956876 -50.076294
v -10.527840 -0.185149 -21.467499
v -10.610699 -0.168115 -22.603245
v -10.626011 -0.134415 -23.682877
v -10.571459 -0.094518 -24.685860
v -10.450686 -0.052348 -25.595755
v -10.284553 -0.006777 -26.412216
v -10.091023 0.053568 -27.151688
v -9.880288 0.086761 -27.831951
v -9.651029 0.131306 -28.472618
v -9.402680 0.206661 -29.095980
v -9.146299 0.222414 -29.717171
v -8.903080 0.273562 -30.357224
v -8.683463 0.308115 -31.040508
v -8.473612 0.365162 -31.780228
v -8.270514 0.397740 -32.623875
v -8.087113 0.437978 -33.661201
v -7.810401 0.533480 -35.480209
v -7.407300 0.636314 -38.289223
v -6.937688 0.809493 -41.702499
v -6.460314 0.969341 -45.291031
v -5.964346 1.016197 -49.042423
v -9.325196 -0.178600 -21.195251
v -9.414515 -0.164823 -22.289402
v -9.437910 -0.140409 -23.321407
v -9.401447 -0.111043 -24.291824
v -9.307420 -0.080544 -25.183697
v -9.165649 -0.059565 -25.995037
v -8.989517 -0.029588 -26.737471
v -8.781582 0.010194 -27.425108
v -8.553478 0.053892 -28.022190
v -8.312244 0.120734 -28.552631
v -8.067088 0.141776 -29.078577
v -7.838824 0.198247 -29.673660
v -7.642732 0.245023 -30.408222
v -7.466210 0.262699 -31.275682
v -7.290317 0.332741 -32.233696
v -7.125252 0.374510 -33.249336
v -6.873323 0.453084 -34.874481
v -6.493922 0.612077 -37.486931
v -6.025969 0.774808 -40.796284
v -5.529745 0.981277 -44.354145
v -5.044771 1.070007 -47.995361
v -8.094969 -0.171196 -20.897051
v -8.194095 -0.159134 -21.959648
v -8.230872 -0.140890 -22.961637
v -8.209020 -0.135972 -23.899986
v -8.132634 -0.146974 -24.770508
v -8.010610 -0.157574 -25.574636
v -7.852509 -0.154245 -26.271704
v -7.659150 -0.129295 -26.784286
v -7.391142 -0.094934 -27.167679
v -7.149321 -0.021583 -27.522343
v -6.992646 0.024111 -27.970348
v -6.796570 0.098879 -28.527756
v -6.627809 0.177567 -29.316093
v -6.478511 0.229659 -30.350573
v -6.322803 0.256621 -31.562313
v -6.159256 0.322436 -32.860924
v -5.927728 0.430659 -34.411850
v -5.566537 0.543999 -36.813145
v -5.116679 0.736343 -39.975494
v -4.602159 0.938711 -43.505680
v -4.124813 1.063134 -47.057377
v -6.839149 -0.165705 -20.580988
v -6.951063 -0.153345 -21.623856
v -7.003673 -0.146118 -22.605188
v -7.000990 -0.174420 -23.527336
v -6.945444 -0.217562 -24.386511
v -6.844787 -0.259682 -25.172213
v -6.709406 -0.283011 -25.719746
v -6.506819 -0.283256 -26.054482
v -6.007149 -0.248293 -26.080223
v -5.579390 -0.168314 -26.055336
v -5.774879 -0.093389 -26.587095
v -5.782601 0.010367 -27.352684
v -5.633491 0.084216 -28.211922
v -5.507342 0.154280 -29.371401
v -5.366936 0.221695 -30.769911
v -5.195529 0.277494 -32.313786
v -4.960270 0.347229 -34.114635
v -4.617763 0.478214 -36.329666
v -4.188296 0.673275 -39.347889
v -3.669925 0.852565 -42.821564
v -3.185906 0.952579 -46.354317
v -5.564981 -0.162889 -20.259754
v -5.688249 -0.149995 -21.287228
v -5.758242 -0.145613 -22.257622
v -5.776695 -0.184824 -23.172264
v -5.745390 -0.247985 -24.029320
v -5.669795 -0.314045 -24.805536
v -5.561973 -0.367469 -25.297052
v -5.387412 -0.390279 -25.551208
v -4.799921 -0.339335 -25.509022
v -4.332067 -0.258079 -25.483244
v -4.922853 -0.220691 -25.921043
v -4.834894 -0.082131 -26.673145
v -4.584128 0.033309 -27.632475
v -4.488614 0.139663 -28.920366
v -4.377679 0.192484 -30.306593
v -4.221663 0.234175 -31.843245
v -3.969517 0.321393 -33.946308
v -3.643362 0.458037 -36.062660
v -3.231752 0.601942 -38.945198
v -2.727664 0.795519 -42.314697
v -2.236886 0.882899 -45.805889
v -4.273420 -0.163011 -19.933039
v -4.394513 -0.150492 -20.940844
v -4.468040 -0.139360 -21.894676
v -4.494904 -0.167515 -22.797041
v -4.477429 -0.230127 -23.649872
v -4.417231 -0.303640 -24.449713
v -4.328626 -0.370346 -25.002264
v -4.202636 -0.410976 -25.281706
v -3.846651 -0.381833 -25.369179
v -3.588722 -0.322958 -25.440094
v -4.204990 -0.306074 -25.806513
v -3.629933 -0.103818 -26.473248
v -3.423135 0.032547 -27.694443
v -3.343417 0.122315 -29.082651
v -3.271628 0.176145 -30.408321
v -3.182380 0.208633 -31.841221
v -2.961320 0.316350 -33.870895
v -2.640491 0.443280 -35.988422
v -2.241925 0.558895 -38.786003
v -1.746056 0.740551 -42.071903
v -1.229774 0.883224 -45.497490
v -2.906960 -0.166656 -19.533764
v -3.008214 -0.154394 -20.515060
v -3.072796 -0.142565 -21.450363
v -3.099967 -0.142594 -22.341671
v -3.091361 -0.183194 -23.192509
v -3.047220 -0.244651 -24.003414
v -2.973681 -0.306213 -24.720451
v -2.882643 -0.350924 -25.142212
v -2.757137 -0.360555 -25.368706
v -2.743459 -0.343279 -25.533043
v -2.674960 -0.241024 -25.876005
v -2.270452 -0.057475 -26.837296
v -2.169026 0.080067 -28.269327
v -2.118031 0.154052 -29.679462
v -2.099279 0.170097 -30.886337
v -2.060694 0.229473 -32.231163
v -1.919343 0.316521 -33.973419
v -1.611073 0.421012 -36.028145
v -1.218838 0.552144 -38.787498
v -0.704901 0.731694 -42.069317
v -0.127808 0.872918 -45.487801
v -1.478763 -0.173079 -19.072376
v -1.551232 -0.160955 -20.022213
v -1.598062 -0.149403 -20.937660
v -1.617427 -0.140718 -21.820173
v -1.609570 -0.143680 -22.672287
v -1.576522 -0.176046 -23.497736
v -1.518991 -0.219169 -24.298073
v -1.446342 -0.253401 -24.974346
v -1.362123 -0.263954 -25.411749
v -1.232081 -0.227234 -25.802998
v -1.075628 -0.140253 -26.382984
v -0.936273 -0.024897 -27.464756
v -0.882809 0.083352 -28.909721
v -0.889183 0.160929 -30.269024
v -0.912584 0.171931 -31.392733
v -0.907210 0.206019 -32.627632
v -0.822385 0.285349 -34.085632
v -0.548134 0.408679 -36.179211
v -0.138078 0.563888 -38.950298
v 0.387580 0.759270 -42.207710
v 1.043953 0.909264 -45.592621
v -0.018951 -0.181249 -18.581165
v -0.053287 -0.169314 -19.491411
v -0.073326 -0.157016 -20.379826
v -0.077000 -0.147689 -21.248180
v -0.063893 -0.140933 -22.098961
v -0.035314 -0.136568 -22.935604
v 0.005776 -0.147172 -23.762543
v 0.066783 -0.162614 -24.630625
v 0.148152 -0.163514 -25.469349
v 0.259993 -0.121620 -26.235573
v 0.384477 -0.044403 -27.064281
v 0.451367 0.034646 -28.102085
v 0.407991 0.085820 -29.270271
v 0.344115 0.152878 -30.495523
v 0.290958 0.145037 -31.552128
v 0.267035 0.189312 -32.690346
v 0.315262 0.283623 -34.096886
v 0.548625 0.402290 -36.360771
v 0.983621 0.587590 -39.187309
v 1.538228 0.779056 -42.397373
v 2.264105 0.914243 -45.709023
v 1.437201 -0.190280 -18.091232
v 1.447810 -0.177897 -18.953651
v 1.461916 -0.164434 -19.806484
v 1.503202 -0.156298 -20.650429
v 1.580674 -0.153547 -21.486902
v 1.655359 -0.149846 -22.322208
v 1.701650 -0.138954 -23.163260
v 1.720908 -0.120292 -24.062790
v 1.740035 -0.088761 -25.095198
v 1.788692 -0.053080 -26.257496
v 1.853417 0.007864 -27.346081
v 1.834797 0.044650 -28.332434
v 1.725702 0.069715 -29.308367
v 1.617166 0.135645 -30.353645
v 1.538320 0.120345 -31.349552
v 1.488379 0.171195 -32.413601
v 1.500910 0.251774 -34.068432
v 1.682564 0.415608 -36.518085
v 2.121313 0.586534 -39.428024
v 2.740032 0.775803 -42.588940
v 3.509657 0.903949 -45.770290
v 2.873176 -0.199581 -17.627991
v 2.938249 -0.184821 -18.437222
v 3.101335 -0.178273 -19.232843
v 3.336011 -0.183621 -20.017235
v 3.571687 -0.192495 -20.804308
v 3.747727 -0.194718 -21.611660
v 3.937463 -0.183605 -22.604511
v 4.130202 -0.154673 -23.801933
v 4.125684 -0.116471 -24.945427
v 3.847966 -0.049737 -25.929977
v 3.433190 0.029041 -26.871450
v 3.219574 0.046765 -27.898102
v 3.092200 0.079556 -28.918550
v 2.962817 0.133045 -29.884230
v 2.855298 0.106233 -30.899406
v 2.754588 0.158747 -32.130039
v 2.722743 0.273149 -34.092403
v 2.842945 0.429810 -36.683823
v 3.271119 0.574498 -39.650288
v 3.968996 0.748458 -42.765106
v 4.789289 0.851465 -45.852886
v 4.339863 -0.212548 -17.195507
v 4.546229 -0.202687 -17.935904
v 4.907627 -0.199275 -18.653276
v 5.332336 -0.210004 -19.363029
v 5.728207 -0.223682 -20.090439
v 6.005332 -0.227279 -20.865276
v 6.117087 -0.200987 -21.738562
v 6.256052 -0.152040 -23.007767
v 6.386576 -0.098268 -24.589453
v 6.227948 -0.033025 -26.007397
v 5.552761 0.039694 -26.784866
v 4.857374 0.075648 -27.340252
v 4.507712 0.129570 -28.222759
v 4.369132 0.163738 -29.369827
v 4.217360 0.139881 -30.561909
v 4.063810 0.208187 -31.998383
v 3.977804 0.275829 -34.082996
v 4.024961 0.398382 -36.793140
v 4.431371 0.535804 -39.792095
v 5.175719 0.739442 -42.843575
v 6.057462 0.802040 -45.911766
v 5.936617 -0.234308 -16.802155
v 6.277815 -0.232584 -17.470680
v 6.778045 -0.222850 -18.119534
v 7.327871 -0.222185 -18.771702
v 7.836563 -0.228957 -19.459278
v 8.244973 -0.221017 -20.156113
v 8.258198 -0.178553 -20.938868
v 7.938923 -0.120678 -21.912270
v 7.586786 -0.061641 -23.179729
v 7.438397 0.020756 -24.908676
v 7.064809 0.087661 -26.291195
v 6.464386 0.127746 -27.084797
v 6.033625 0.167300 -27.867767
v 5.880665 0.193499 -29.063986
v 5.698407 0.204764 -30.326281
v 5.492771 0.202943 -31.812447
v 5.334554 0.264893 -33.968040
v 5.291459 0.404171 -36.745312
v 5.639853 0.513597 -39.769978
v 6.397434 0.699695 -42.762592
v 7.296055 0.766996 -45.820240
v 7.791975 -0.256573 -16.450857
v 8.185266 -0.266026 -17.074532
v 8.724170 -0.269342 -17.689888
v 9.277717 -0.273553 -18.324863
v 9.890781 -0.261696 -19.057571
v 10.270553 -0.208595 -19.886822
v 10.039592 -0.135207 -20.725241
v 9.484663 -0.082686 -21.534105
v 8.929811 -0.048741 -22.492325
v 8.455832 0.027158 -23.778896
v 8.110573 0.097661 -25.225386
v 7.831609 0.137548 -26.341579
v 7.756352 0.159384 -27.432850
v 7.670504 0.187301 -28.656527
v 7.469343 0.162807 -29.962906
v 7.183505 0.197665 -31.504728
v 6.825105 0.332377 -33.766796
v 6.628139 0.447591 -36.601284
v 6.881974 0.565877 -39.632542
v 7.629390 0.726675 -42.559448
v 8.530113 0.773041 -45.602592
v 9.767751 -0.272275 -16.172295
v 10.107823 -0.285656 -16.777710
v 10.574130 -0.286331 -17.393938
v 11.025123 -0.283976 -18.043037
v 11.534616 -0.269791 -18.884922
v 11.693553 -0.198491 -19.926327
v 11.375019 -0.092476 -20.848335
v 10.973483 -0.060184 -21.512192
v 10.445593 -0.017205 -22.152142
v 9.986617 0.061363 -23.152372
v 9.738752 0.113378 -24.532589
v 9.676986 0.140929 -25.779011
v 9.661199 0.188799 -26.976725
v 9.617661 0.222491 -28.214455
v 9.407399 0.226328 -29.557760
v 9.050865 0.236776 -31.125393
v 8.502899 0.339845 -33.454548
v 8.003952 0.539868 -36.409012
v 8.149380 0.657353 -39.442928
v 8.873008 0.775674 -42.331902
v 9.793470 0.830053 -45.341042
v 11.725089 -0.280289 -16.047636
v 11.898133 -0.286376 -16.639330
v 12.208959 -0.273080 -17.277510
v 12.760101 -0.254293 -18.145214
v 13.355133 -0.230797 -19.236221
v 13.193564 -0.140340 -20.163750
v 12.600343 -0.033448 -20.767893
v 12.298979 0.000511 -21.315380
v 12.049624 0.011646 -21.933678
v 11.840793 0.027180 -22.820021
v 11.853912 0.059939 -24.005360
v 11.828056 0.114329 -25.254684
v 11.658955 0.222688 -26.562346
v 11.468598 0.269173 -27.904087
v 11.261269 0.234663 -29.269293
v 10.855505 0.259606 -30.835085
v 10.172546 0.383430 -33.174126
v 9.427187 0.629455 -36.196365
v 9.434944 0.730079 -39.248665
v 10.134191 0.856752 -42.114388
v 11.059125 0.895975 -45.078892
v 16.903313 -0.323717 -17.808315
v 17.165272 -0.329209 -18.563282
v 17.439793 -0.294170 -19.369129
v 17.664991 -0.240784 -20.201916
v 17.590216 -0.187615 -20.919704
v 16.832329 -0.085282 -21.365503
v 15.733538 0.067348 -21.530910
v 14.778905 0.083693 -21.646259
v 14.004076 0.116459 -21.924473
v 13.908590 0.130950 -22.828382
v 13.773462 0.169206 -23.955147
v 13.489394 0.268294 -25.178276
v 13.206506 0.322813 -26.487972
v 13.011931 0.300720 -27.831779
v 12.814430 0.250793 -29.203951
v 12.390933 0.280922 -30.746784
v 11.663365 0.410383 -33.021732
v 10.815991 0.637482 -36.016506
v 10.811155 0.799778 -39.072716
v 11.778728 0.894114 -41.918766
v 13.136767 0.943525 -44.874798
v 23.543869 -0.291838 -20.093155
v 24.811941 -0.246083 -18.283693
v 25.601009 -0.141860 -16.989557
v 25.823765 -0.036207 -18.410461
v 22.979130 0.078614 -22.746506
v 19.571785 0.135610 -23.306190
v 18.436289 0.098810 -23.322941
v 17.852173 0.102328 -23.674286
v 17.385414 0.156684 -24.117416
v 17.042370 0.146229 -24.830441
v 16.815670 0.098501 -25.788548
v 16.466043 0.126942 -26.777779
v 16.070366 0.195263 -27.783989
v 15.637557 0.263813 -28.832863
v 15.236554 0.304302 -30.037035
v 14.894436 0.364197 -31.462374
v 14.628348 0.507467 -33.530399
v 14.710649 0.686324 -36.157894
v 15.527382 0.853824 -38.958408
v 17.154428 1.045898 -41.724396
v 18.897923 1.159438 -44.663479
v 26.908878 -0.131379 -22.268906
v 26.975403 -0.061507 -22.498970
v 26.734922 0.004017 -23.051239
v 25.886162 0.045015 -24.100643
v 24.566063 0.054846 -25.255665
v 23.188652 0.085566 -26.046604
v 22.707666 0.180829 -26.551107
v 22.315674 0.308523 -27.022333
v 22.061094 0.375407 -27.567314
v 21.970865 0.387987 -28.228951
v 21.887650 0.410532 -28.948303
v 21.809357 0.438499 -29.720606
v 21.647594 0.461351 -30.489897
v 21.342821 0.509865 -31.258320
v 21.066639 0.494020 -32.098862
v 21.069624 0.533007 -33.077644
v 21.538124 0.619775 -34.448040
v 22.565388 0.755866 -36.295723
v 23.920626 0.991240 -38.732193
v 25.578838 1.229361 -41.506485
v 27.257309 1.322808 -44.472397
v 31.157417 -0.218486 -20.041046
v 30.982744 -0.220844 -21.136162
v 30.844557 -0.217081 -22.217476
v 30.738316 -0.214254 -23.338276
v 30.543602 -0.216474 -24.483919
v 30.251503 -0.198160 -25.564257
v 30.419655 -0.131709 -26.460365
v 30.703388 -0.015449 -27.226311
v 30.952362 0.114538 -27.925674
v 31.366137 0.186194 -28.572584
v 31.597469 0.256664 -29.255884
v 31.635792 0.314847 -30.005888
v 31.445452 0.390068 -30.806480
v 31.215273 0.434536 -31.620583
v 30.893677 0.486044 -32.461079
v 31.082403 0.503870 -33.298504
v 31.608107 0.543216 -34.404202
v 32.605408 0.672204 -36.132774
v 33.807495 0.871164 -38.600533
v 35.266964 1.035556 -41.455177
v 36.718056 1.071458 -44.507721
v 40.538563 -0.236445 -18.366806
v 40.521679 -0.236270 -19.417255
v 40.509857 -0.236146 -20.459911
v 40.501499 -0.215096 -21.493473
v 40.416553 -0.238311 -22.560869
v 40.310284 -0.383255 -23.677986
v 40.355221 -0.548283 -24.778378
v 40.807438 -0.670306 -25.840309
v 41.294769 -0.632445 -26.830372
v 41.737469 -0.414927 -27.656172
v 42.027481 -0.128214 -28.384968
v 42.161171 0.086481 -29.107367
v 42.080227 0.237471 -29.899307
v 41.843769 0.306930 -30.825871
v 41.719490 0.340092 -31.820345
v 41.777664 0.366291 -32.850121
v 41.959900 0.399172 -34.151535
v 42.515965 0.501493 -36.046394
v 43.351452 0.655662 -38.517982
v 44.378998 0.804792 -41.417774
v 45.447674 0.862433 -44.540524
v 48.233292 -0.385798 -18.369221
v 48.200520 -0.513818 -19.511566
v 48.185085 -0.574124 -20.591568
v 48.200520 -0.513816 -21.560513
v 48.249569 -0.371199 -22.461403
v 48.368118 -0.222355 -23.358236
v 48.525291 -0.176874 -24.347265
v 48.734379 -0.188220 -25.370840
v 49.193481 -0.198978 -26.377905
v 49.605312 -0.175623 -27.328476
v 49.928947 -0.100525 -28.210312
v 50.134232 0.010649 -29.057968
v 50.221466 0.126839 -29.912462
v 50.365707 0.233156 -30.805779
v 50.520985 0.295852 -31.777447
v 50.583584 0.342837 -32.808086
v 50.661758 0.389474 -34.099411
v 50.865276 0.479407 -35.970245
v 51.315926 0.616112 -38.415714
v 51.907528 0.751518 -41.337250
v 52.577084 0.800564 -44.519386
v 53.986008 -0.237347 -18.232540
v 53.979626 -0.264540 -19.291481
v 53.946110 -0.418923 -20.556633
v 53.902504 -0.625002 -21.920746
v 53.902264 -0.767107 -23.197918
v 54.023781 -0.758230 -24.241291
v 54.245571 -0.608208 -25.046658
v 54.533306 -0.393069 -25.717094
v 54.852993 -0.197927 -26.374989
v 55.183571 -0.050101 -27.096687
v 55.505718 0.031792 -27.950569
v 55.808441 0.083069 -28.869614
v 56.080566 0.140687 -29.806679
v 56.303822 0.202596 -30.768709
v 56.460873 0.261113 -31.761787
v 56.528854 0.313598 -32.792034
v 56.553722 0.368213 -34.079987
v 56.628433 0.455813 -35.945000
v 56.810509 0.576964 -38.371765
v 57.105373 0.700978 -41.298389
v 57.471012 0.742593 -44.534527
v 56.791374 -0.237347 -18.232540
v 56.791374 -0.237347 -19.257013
v 56.788498 -0.250990 -20.304188
v 56.773918 -0.321733 -21.451643
v 56.779045 -0.381431 -22.588142
v 56.882423 -0.360716 -23.585417
v 57.070515 -0.277745 -24.458363
v 57.315289 -0.181658 -25.284302
v 57.595707 -0.097803 -26.133867
v 57.890926 -0.045044 -27.047102
v 58.189232 0.007127 -27.961512
v 58.473465 0.059471 -28.882765
v 58.727669 0.118091 -29.822323
v 58.933849 0.179574 -30.786665
v 59.073967 0.239822 -31.781845
v 59.131145 0.294989 -32.813541
v 59.137867 0.352299 -34.084026
v 59.194817 0.439938 -35.927078
v 59.313644 0.554231 -38.321457
v 59.496681 0.665096 -41.200584
v 59.730553 0.703134 -44.446022
vn 0.0063 0.9997 0.0233
vn 0.0051 0.9996 0.0267
vn 0.0044 0.9991 0.0429
vn 0.0053 0.9977 0.0678
vn 0.0066 0.9959 0.0900
vn 0.0075 0.9942 0.1073
vn 0.0066 0.9932 0.1161
vn 0.0041 0.9923 0.1238
vn -0.0002 0.9924 0.1228
vn -0.0056 0.9949 0.1004
vn -0.0094 0.9963 0.0858
vn -0.0115 0.9962 0.0858
vn -0.0129 0.9963 0.0852
vn -0.0143 0.9971 0.0741
vn -0.0157 0.9981 0.0594
vn -0.0169 0.9985 0.0512
vn -0.0226 0.9986 0.0475
vn -0.0435 0.9962 0.0758
vn -0.0635 0.9923 0.1068
vn -0.0631 0.9963 0.0577
vn -0.0615 0.9974 0.0369
vn -0.0031 0.9994 0.0342
vn -0.0054 0.9993 0.0357
vn -0.0116 0.9987 0.0505
vn -0.0161 0.9972 0.0733
vn -0.0230 0.9947 0.1004
vn -0.0311 0.9916 0.1258
vn -0.0357 0.9895 0.1397
vn -0.0424 0.9871 0.1544
vn -0.0414 0.9876 0.1514
vn -0.0276 0.9934 0.1114
vn -0.0226 0.9958 0.0885
vn -0.0250 0.9955 0.0910
vn -0.0233 0.9960 0.0864
vn -0.0198 0.9971 0.0733
vn -0.0181 0.9980 0.0601
vn -0.0213 0.9983 0.0547
vn -0.0369 0.9974 0.0625
vn -0.0644 0.9932 0.0973
vn -0.0667 0.9926 0.1016
vn -0.0586 0.9963 0.0630
vn -0.0514 0.9984 0.0256
vn -0.3911 0.9127 0.1187
vn -0.0984 0.9940 0.0473
vn -0.0402 0.9989 0.0253
vn -0.0299 0.9989 0.0362
vn -0.0599 0.9949 0.0810
vn -0.0996 0.9855 0.1373
vn -0.1124 0.9805 0.1611
vn -0.1198 0.9770 0.1767
vn -0.1062 0.9804 0.1662
vn -0.0666 0.9911 0.1155
vn -0.0426 0.9960 0.0791
vn -0.0405 0.9960 0.0792
vn -0.0372 0.9962 0.0787
vn -0.0256 0.9976 0.0648
vn -0.0197 0.9981 0.0590
vn -0.0257 0.9977 0.0633
vn -0.0520 0.9952 0.0824
vn -0.0768 0.9913 0.1070
vn -0.0728 0.9917 0.1056
vn -0.0450 0.9979 0.0466
vn -0.0294 0.9995 0.0075
vn -0.5229 0.8409 0.1394
vn -0.4517 0.8885 0.0806
vn 0.0043 0.9999 0.0138
vn 0.0014 0.9999 -0.0108
vn -0.0293 0.9996 0.0034
vn -0.0976 0.9934 0.0601
vn -0.1448 0.9832 0.1116
vn -0.1403 0.9826 0.1218
vn -0.1171 0.9866 0.1138
vn -0.0739 0.9943 0.0766
vn -0.0435 0.9980 0.0455
vn -0.0342 0.9986 0.0393
vn -0.0339 0.9984 0.0456
vn -0.0266 0.9987 0.0429
vn -0.0181 0.9990 0.0409
vn -0.0245 0.9979 0.0602
vn -0.0378 0.9959 0.0820
vn -0.0496 0.9939 0.0980
vn -0.0347 0.9956 0.0865
vn -0.0083 0.9992 0.0383
vn 0.0009 0.9999 0.0105
vn -0.1585 0.9593 0.2338
vn -0.1537 0.9726 0.1746
vn -0.1101 0.9913 0.0724
vn 0.1312 0.9912 0.0167
vn 0.0374 0.9993 0.0054
vn -0.0182 0.9997 0.0160
vn -0.0632 0.9970 0.0441
vn -0.0760 0.9947 0.0691
vn -0.0643 0.9955 0.0693
vn -0.0432 0.9980 0.0455
vn -0.0295 0.9992 0.0275
vn -0.0257 0.9995 0.0188
vn -0.0209 0.9997 0.0142
vn -0.0213 0.9996 0.0194
vn -0.0154 0.9997 0.0172
vn -0.0111 0.9995 0.0299
vn -0.0110 0.9984 0.0551
vn -0.0032 0.9975 0.0711
vn 0.0163 0.9975 0.0690
vn 0.0272 0.9987 0.0442
vn 0.0300 0.9992 0.0263
vn -0.0081 0.9805 0.1961
vn 0.0358 0.9902 0.1348
vn 0.0946 0.9894 0.1104
vn 0.1044 0.9911 0.0828
vn 0.0727 0.9953 0.0634
vn 0.0405 0.9974 0.0590
vn 0.0145 0.9983 0.0568
vn 0.0075 0.9976 0.0696
vn 0.0067 0.9967 0.0814
vn 0.0021 0.9982 0.0595
vn -0.0033 0.9994 0.0350
vn -0.0085 0.9996 0.0252
vn -0.0124 0.9998 0.0125
vn -0.0161 0.9998 0.0141
vn -0.0135 0.9999 0.0058
vn -0.0071 1.0000 0.0053
vn 0.0012 0.9998 0.0210
vn 0.0157 0.9992 0.0370
vn 0.0265 0.9982 0.0535
vn 0.0324 0.9983 0.0484
vn 0.0336 0.9988 0.0367
vn 0.0173 0.9990 0.0404
vn 0.0337 0.9977 0.0585
vn 0.0542 0.9953 0.0800
vn 0.0497 0.9954 0.0816
vn 0.0433 0.9952 0.0880
vn 0.0334 0.9961 0.0814
vn 0.0277 0.9971 0.0712
vn 0.0255 0.9965 0.0796
vn 0.0191 0.9946 0.1017
vn 0.0169 0.9971 0.0742
vn 0.0143 0.9985 0.0520
vn 0.0061 0.9987 0.0503
vn 0.0001 0.9995 0.0302
vn -0.0057 0.9997 0.0230
vn -0.0080 0.9999 0.0099
vn -0.0122 0.9999 0.0023
vn -0.0173 0.9998 0.0085
vn -0.0209 0.9996 0.0188
vn -0.0222 0.9991 0.0364
vn -0.0172 0.9991 0.0376
vn -0.0101 0.9995 0.0298
vn -0.0051 0.9998 0.0197
vn -0.0047 0.9996 0.0291
vn -0.0028 0.9990 0.0452
vn 0.0017 0.9982 0.0605
vn 0.0081 0.9971 0.0757
vn 0.0142 0.9968 0.0792
vn 0.0186 0.9972 0.0719
vn 0.0189 0.9968 0.0782
vn 0.0135 0.9942 0.1066
vn 0.0221 0.9964 0.0814
vn 0.0269 0.9975 0.0647
vn 0.0230 0.9970 0.0733
vn 0.0227 0.9981 0.0579
vn 0.0187 0.9988 0.0449
vn 0.0152 0.9995 0.0275
vn 0.0007 0.9998 0.0209
vn -0.0214 0.9996 0.0190
vn -0.0480 0.9986 0.0213
vn -0.0712 0.9970 0.0302
vn -0.0653 0.9976 0.0216
vn -0.0545 0.9984 0.0144
vn -0.0073 0.9998 0.0158
vn -0.0071 0.9997 0.0235
vn -0.0050 0.9994 0.0355
vn 0.0002 0.9990 0.0448
vn 0.0101 0.9985 0.0543
vn 0.0214 0.9975 0.0667
vn 0.0298 0.9971 0.0693
vn 0.0313 0.9966 0.0765
vn 0.0223 0.9940 0.1069
vn 0.0311 0.9959 0.0854
vn 0.0325 0.9969 0.0720
vn 0.0275 0.9965 0.0785
vn 0.0380 0.9971 0.0662
vn 0.0434 0.9971 0.0618
vn 0.0415 0.9980 0.0478
vn 0.0319 0.9985 0.0441
vn 0.0098 0.9990 0.0431
vn -0.0215 0.9990 0.0380
vn -0.0509 0.9979 0.0404
vn -0.0608 0.9979 0.0230
vn -0.0568 0.9984 0.0076
vn -0.0082 0.9999 0.0134
vn -0.0078 0.9998 0.0188
vn -0.0026 0.9997 0.0251
vn 0.0112 0.9996 0.0269
vn 0.0307 0.9991 0.0295
vn 0.0494 0.9978 0.0434
vn 0.0593 0.9961 0.0656
vn 0.0531 0.9949 0.0852
vn 0.0241 0.9924 0.1204
vn 0.0264 0.9945 0.1014
vn 0.0189 0.9962 0.0852
vn 0.0048 0.9963 0.0856
vn 0.0198 0.9982 0.0567
vn 0.0326 0.9981 0.0531
vn 0.0403 0.9977 0.0547
vn 0.0343 0.9979 0.0543
vn 0.0241 0.9981 0.0565
vn 0.0104 0.9985 0.0532
vn -0.0102 0.9986 0.0521
vn -0.0208 0.9991 0.0370
vn -0.0349 0.9992 0.0169
vn -0.0081 0.9999 0.0125
vn -0.0069 0.9999 0.0145
vn 0.0041 0.9999 0.0092
vn 0.0284 0.9996 -0.0017
vn 0.0576 0.9983 -0.0039
vn 0.0803 0.9967 0.0113
vn 0.0843 0.9952 0.0504
vn 0.0543 0.9929 0.1056
vn -0.0125 0.9861 0.1659
vn -0.0254 0.9887 0.1476
vn -0.0132 0.9940 0.1084
vn -0.0183 0.9948 0.1005
vn 0.0061 0.9977 0.0680
vn 0.0177 0.9989 0.0428
vn 0.0193 0.9988 0.0455
vn 0.0282 0.9981 0.0543
vn 0.0300 0.9978 0.0593
vn 0.0259 0.9978 0.0604
vn 0.0203 0.9980 0.0594
vn 0.0279 0.9985 0.0480
vn 0.0224 0.9992 0.0333
vn -0.0065 0.9999 0.0127
vn -0.0052 0.9999 0.0107
vn 0.0069 0.9999 -0.0081
vn 0.0307 0.9989 -0.0340
vn 0.0559 0.9975 -0.0428
vn 0.0780 0.9964 -0.0328
vn 0.0853 0.9963 0.0095
vn 0.0381 0.9929 0.1125
vn -0.0868 0.9520 0.2935
vn -0.0450 0.9697 0.2400
vn -0.0134 0.9913 0.1308
vn -0.0200 0.9927 0.1185
vn -0.0013 0.9966 0.0828
vn 0.0113 0.9985 0.0538
vn 0.0159 0.9991 0.0389
vn 0.0215 0.9988 0.0444
vn 0.0307 0.9979 0.0564
vn 0.0309 0.9976 0.0626
vn 0.0328 0.9975 0.0624
vn 0.0473 0.9977 0.0487
vn 0.0646 0.9972 0.0386
vn -0.0041 0.9999 0.0129
vn -0.0044 0.9999 0.0102
vn 0.0015 0.9999 -0.0150
vn 0.0142 0.9985 -0.0523
vn 0.0277 0.9971 -0.0710
vn 0.0439 0.9960 -0.0784
vn 0.0570 0.9967 -0.0574
vn -0.0010 0.9933 0.1160
vn -0.1048 0.8695 0.4826
vn 0.0384 0.9638 0.2639
vn 0.0472 0.9928 0.1103
vn 0.0059 0.9878 0.1559
vn 0.0051 0.9955 0.0947
vn 0.0077 0.9982 0.0600
vn 0.0147 0.9992 0.0371
vn 0.0191 0.9991 0.0371
vn 0.0124 0.9985 0.0541
vn 0.0154 0.9981 0.0592
vn 0.0308 0.9978 0.0581
vn 0.0345 0.9982 0.0488
vn 0.0354 0.9988 0.0344
vn -0.0018 0.9999 0.0127
vn -0.0024 0.9999 0.0117
vn -0.0022 1.0000 -0.0073
vn -0.0002 0.9989 -0.0473
vn 0.0011 0.9970 -0.0768
vn 0.0028 0.9954 -0.0959
vn 0.0061 0.9940 -0.1094
vn -0.0232 0.9957 0.0894
vn -0.0398 0.9559 0.2910
vn 0.0094 0.9656 0.2600
vn 0.0561 0.9956 0.0748
vn 0.0023 0.9842 0.1772
vn 0.0043 0.9959 0.0900
vn 0.0076 0.9986 0.0516
vn 0.0118 0.9994 0.0313
vn 0.0108 0.9992 0.0391
vn 0.0082 0.9984 0.0551
vn 0.0147 0.9984 0.0541
vn 0.0208 0.9984 0.0530
vn 0.0180 0.9986 0.0498
vn 0.0131 0.9991 0.0393
vn -0.0002 0.9999 0.0126
vn -0.0004 0.9999 0.0125
vn -0.0009 1.0000 0.0046
vn -0.0035 0.9997 -0.0237
vn -0.0098 0.9983 -0.0577
vn -0.0190 0.9967 -0.0790
vn -0.0304 0.9949 -0.0957
vn -0.0419 0.9975 -0.0572
vn -0.0415 0.9960 0.0785
vn -0.0232 0.9838 0.1779
vn -0.0071 0.9809 0.1942
vn 0.0095 0.9909 0.1346
vn 0.0121 0.9971 0.0746
vn 0.0075 0.9992 0.0389
vn 0.0070 0.9996 0.0260
vn 0.0158 0.9989 0.0441
vn 0.0206 0.9982 0.0556
vn 0.0171 0.9984 0.0538
vn 0.0058 0.9986 0.0528
vn -0.0038 0.9988 0.0487
vn -0.0098 0.9991 0.0403
vn 0.0008 0.9999 0.0128
vn 0.0005 0.9999 0.0128
vn 0.0005 0.9999 0.0105
vn -0.0006 1.0000 -0.0009
vn -0.0069 0.9997 -0.0241
vn -0.0197 0.9988 -0.0456
vn -0.0365 0.9978 -0.0550
vn -0.0549 0.9974 -0.0458
vn -0.0630 0.9978 0.0192
vn -0.0424 0.9927 0.1125
vn -0.0106 0.9912 0.1323
vn 0.0068 0.9957 0.0929
vn 0.0152 0.9979 0.0622
vn 0.0121 0.9995 0.0291
vn 0.0164 0.9996 0.0215
vn 0.0238 0.9986 0.0468
vn 0.0205 0.9981 0.0578
vn 0.0113 0.9983 0.0568
vn -0.0019 0.9984 0.0573
vn -0.0128 0.9987 0.0485
vn -0.0128 0.9991 0.0402
vn 0.0012 0.9999 0.0134
vn 0.0006 0.9999 0.0137
vn 0.0007 0.9999 0.0120
vn 0.0020 1.0000 0.0073
vn 0.0013 1.0000 -0.0000
vn -0.0055 0.9999 -0.0110
vn -0.0202 0.9996 -0.0172
vn -0.0407 0.9991 -0.0094
vn -0.0530 0.9983 0.0243
vn -0.0403 0.9967 0.0705
vn -0.0208 0.9966 0.0797
vn -0.0043 0.9983 0.0587
vn 0.0083 0.9986 0.0521
vn 0.0148 0.9996 0.0224
vn 0.0156 0.9997 0.0182
vn 0.0135 0.9987 0.0492
vn 0.0108 0.9982 0.0588
vn 0.0073 0.9981 0.0605
vn 0.0024 0.9981 0.0610
vn 0.0027 0.9987 0.0513
vn 0.0038 0.9991 0.0423
vn 0.0005 0.9999 0.0152
vn 0.0011 0.9999 0.0140
vn 0.0038 0.9999 0.0101
vn 0.0085 1.0000 0.0049
vn 0.0117 0.9999 0.0038
vn 0.0109 0.9999 0.0065
vn 0.0046 0.9999 0.0102
vn -0.0070 0.9998 0.0173
vn -0.0198 0.9993 0.0318
vn -0.0266 0.9980 0.0569
vn -0.0200 0.9983 0.0543
vn -0.0087 0.9993 0.0374
vn -0.0054 0.9988 0.0479
vn 0.0074 0.9998 0.0177
vn 0.0090 0.9998 0.0155
vn 0.0024 0.9988 0.0496
vn 0.0017 0.9983 0.0586
vn 0.0030 0.9981 0.0608
vn 0.0129 0.9981 0.0603
vn 0.0208 0.9984 0.0534
vn 0.0256 0.9987 0.0447
vn 0.0029 0.9999 0.0165
vn 0.0039 0.9999 0.0137
vn 0.0087 0.9999 0.0053
vn 0.0146 0.9999 -0.0024
vn 0.0168 0.9999 -0.0011
vn 0.0133 0.9999 0.0099
vn 0.0058 0.9997 0.0225
vn -0.0005 0.9995 0.0301
vn -0.0037 0.9991 0.0432
vn -0.0078 0.9977 0.0671
vn -0.0174 0.9980 0.0602
vn -0.0268 0.9988 0.0410
vn -0.0329 0.9984 0.0465
vn -0.0186 0.9997 0.0174
vn -0.0112 0.9999 0.0118
vn -0.0176 0.9987 0.0480
vn -0.0071 0.9985 0.0540
vn 0.0116 0.9984 0.0555
vn 0.0257 0.9979 0.0592
vn 0.0295 0.9981 0.0532
vn 0.0299 0.9988 0.0388
vn 0.0085 0.9999 0.0149
vn 0.0089 0.9999 0.0137
vn 0.0108 0.9999 0.0052
vn 0.0119 0.9999 -0.0055
vn 0.0091 1.0000 -0.0039
vn -0.0015 0.9999 0.0164
vn -0.0162 0.9992 0.0354
vn -0.0323 0.9987 0.0391
vn -0.0518 0.9975 0.0486
vn -0.0629 0.9941 0.0882
vn -0.0392 0.9944 0.0979
vn -0.0343 0.9975 0.0625
vn -0.0421 0.9978 0.0503
vn -0.0340 0.9993 0.0173
vn -0.0264 0.9996 0.0103
vn -0.0208 0.9991 0.0381
vn -0.0020 0.9990 0.0445
vn 0.0144 0.9987 0.0488
vn 0.0218 0.9981 0.0577
vn 0.0254 0.9984 0.0495
vn 0.0271 0.9991 0.0313
vn 0.0131 0.9999 0.0085
vn 0.0131 0.9998 0.0118
vn 0.0140 0.9998 0.0116
vn 0.0142 0.9999 0.0052
vn 0.0064 0.9999 0.0120
vn -0.0112 0.9991 0.0408
vn -0.0297 0.9976 0.0624
vn -0.0416 0.9975 0.0571
vn -0.0608 0.9967 0.0540
vn -0.0862 0.9940 0.0678
vn -0.0764 0.9931 0.0887
vn -0.0384 0.9966 0.0728
vn -0.0236 0.9987 0.0451
vn -0.0104 0.9999 0.0107
vn -0.0077 1.0000 0.0063
vn -0.0120 0.9995 0.0297
vn -0.0176 0.9989 0.0428
vn -0.0193 0.9989 0.0425
vn -0.0114 0.9987 0.0492
vn -0.0008 0.9992 0.0399
vn 0.0039 0.9998 0.0209
vn 0.0131 0.9999 -0.0031
vn 0.0132 0.9999 0.0035
vn 0.0141 0.9998 0.0104
vn 0.0122 0.9998 0.0127
vn 0.0029 0.9994 0.0335
vn -0.0096 0.9973 0.0731
vn -0.0224 0.9965 0.0810
vn -0.0316 0.9970 0.0710
vn -0.0428 0.9967 0.0694
vn -0.0512 0.9967 0.0631
vn -0.0498 0.9974 0.0528
vn -0.0323 0.9984 0.0459
vn -0.0149 0.9994 0.0296
vn -0.0098 0.9999 0.0094
vn -0.0076 1.0000 0.0052
vn -0.0149 0.9993 0.0333
vn -0.0349 0.9980 0.0527
vn -0.0508 0.9978 0.0431
vn -0.0530 0.9979 0.0375
vn -0.0394 0.9989 0.0245
vn -0.0302 0.9995 0.0085
vn 0.0081 0.9999 -0.0131
vn 0.0055 1.0000 -0.0045
vn 0.0003 1.0000 0.0055
vn -0.0052 0.9999 0.0099
vn -0.0099 0.9992 0.0393
vn -0.0167 0.9945 0.1031
vn -0.0330 0.9942 0.1026
vn -0.0337 0.9969 0.0711
vn -0.0246 0.9976 0.0645
vn -0.0207 0.9981 0.0587
vn -0.0096 0.9992 0.0384
vn -0.0110 0.9991 0.0407
vn -0.0210 0.9991 0.0377
vn -0.0213 0.9997 0.0114
vn -0.0192 0.9998 0.0050
vn -0.0251 0.9990 0.0370
vn -0.0381 0.9971 0.0657
vn -0.0588 0.9969 0.0521
vn -0.0663 0.9973 0.0318
vn -0.0564 0.9983 0.0152
vn -0.0508 0.9987 0.0006
vn 0.0043 0.9999 -0.0120
vn 0.0042 1.0000 0.0019
vn 0.0057 0.9997 0.0247
vn 0.0022 0.9995 0.0300
vn 0.0053 0.9979 0.0653
vn 0.0128 0.9887 0.1490
vn -0.0185 0.9899 0.1405
vn -0.0392 0.9954 0.0870
vn -0.0362 0.9977 0.0567
vn -0.0230 0.9990 0.0373
vn -0.0258 0.9988 0.0423
vn -0.0403 0.9974 0.0595
vn -0.0407 0.9981 0.0469
vn -0.0243 0.9997 0.0034
vn -0.0130 0.9999 -0.0002
vn -0.0174 0.9992 0.0372
vn -0.0302 0.9970 0.0710
vn -0.0455 0.9970 0.0619
vn -0.0515 0.9981 0.0326
vn -0.0466 0.9988 0.0144
vn -0.0389 0.9992 0.0023
vn 0.0175 0.9998 0.0037
vn 0.0468 0.5576 0.8288
vn -0.0148 0.9791 0.2027
vn -0.0131 0.9985 0.0534
vn -0.0012 0.9959 0.0908
vn 0.0307 0.9904 0.1350
vn 0.0246 0.9921 0.1231
vn 0.0035 0.9970 0.0778
vn -0.0240 0.9982 0.0553
vn -0.0270 0.9995 0.0149
vn -0.0169 0.9994 0.0305
vn -0.0088 0.9984 0.0558
vn -0.0081 0.9993 0.0371
vn -0.0064 1.0000 0.0004
vn -0.0118 0.9999 0.0038
vn -0.0168 0.9989 0.0438
vn -0.0186 0.9974 0.0702
vn -0.0205 0.9977 0.0652
vn -0.0273 0.9988 0.0410
vn -0.0281 0.9994 0.0217
vn -0.0295 0.9995 0.0085
vn 0.0395 -0.9991 0.0168
vn 0.0834 -0.9873 0.1354
vn 0.1825 0.7178 0.6719
vn 0.0416 0.9983 0.0405
vn 0.0011 0.9995 0.0304
vn 0.0178 0.9967 0.0786
vn 0.0343 0.9953 0.0910
vn 0.0254 0.9974 0.0680
vn 0.0057 0.9990 0.0448
vn -0.0213 0.9998 0.0022
vn -0.0076 0.9998 0.0179
vn 0.0149 0.9990 0.0431
vn -0.0027 0.9997 0.0247
vn -0.0168 0.9996 0.0241
vn -0.0152 0.9985 0.0529
vn -0.0122 0.9975 0.0690
vn -0.0115 0.9977 0.0661
vn -0.0169 0.9982 0.0567
vn -0.0252 0.9990 0.0356
vn -0.0253 0.9995 0.0185
vn 0.3247 -0.9248 0.1981
vn 0.4239 0.8895 0.1706
vn 0.1076 0.9939 0.0227
vn 0.0463 0.9989 -0.0064
vn 0.0321 0.9995 -0.0055
vn 0.0279 0.9984 0.0488
vn 0.0366 0.9926 0.1157
vn 0.0378 0.9906 0.1318
vn 0.0078 0.9973 0.0736
vn -0.0139 0.9993 0.0355
vn -0.0130 0.9990 0.0432
vn -0.0063 0.9985 0.0549
vn -0.0029 0.9981 0.0608
vn -0.0077 0.9992 0.0394
vn -0.0106 0.9995 0.0303
vn -0.0046 0.9987 0.0501
vn -0.0012 0.9979 0.0650
vn -0.0017 0.9971 0.0767
vn -0.0038 0.9970 0.0777
vn -0.0015 0.9987 0.0506
vn 0.0080 0.9995 0.0299
vn 0.0039 0.9999 0.0156
vn 0.0101 0.9997 0.0226
vn 0.0223 0.9997 0.0130
vn 0.0271 0.9996 -0.0087
vn 0.0318 0.9989 -0.0340
vn 0.0365 0.9993 0.0015
vn 0.0413 0.9967 0.0705
vn 0.0458 0.9923 0.1153
vn 0.0396 0.9911 0.1273
vn 0.0294 0.9879 0.1525
vn 0.0185 0.9895 0.1436
vn 0.0114 0.9937 0.1118
vn 0.0090 0.9971 0.0754
vn 0.0084 0.9989 0.0460
vn 0.0068 0.9996 0.0287
vn 0.0080 0.9993 0.0371
vn 0.0097 0.9983 0.0580
vn 0.0122 0.9967 0.0802
vn 0.0168 0.9967 0.0792
vn 0.0221 0.9985 0.0501
vn 0.0241 0.9993 0.0282
vn 0.0155 0.9994 -0.0319
vn 0.0176 0.9996 -0.0217
vn 0.0205 0.9998 0.0058
vn 0.0180 0.9995 0.0264
vn 0.0116 0.9999 -0.0016
vn 0.0072 0.9991 -0.0429
vn 0.0080 0.9993 -0.0374
vn 0.0010 0.9999 0.0135
vn -0.0053 0.9948 0.1015
vn -0.0060 0.9818 0.1899
vn 0.0019 0.9774 0.2113
vn 0.0075 0.9849 0.1727
vn 0.0090 0.9932 0.1160
vn 0.0087 0.9981 0.0617
vn 0.0081 0.9992 0.0383
vn 0.0075 0.9995 0.0314
vn 0.0078 0.9989 0.0470
vn 0.0097 0.9978 0.0651
vn 0.0129 0.9979 0.0632
vn 0.0152 0.9991 0.0393
vn 0.0144 0.9997 0.0215
vn -0.0032 0.9979 -0.0644
vn 0.0008 0.9981 -0.0620
vn 0.0112 0.9993 -0.0345
vn 0.0266 0.9996 0.0094
vn 0.0389 0.9986 0.0356
vn 0.0383 0.9986 0.0356
vn 0.0217 0.9994 0.0278
vn -0.0063 0.9993 0.0378
vn -0.0215 0.9960 0.0870
vn -0.0256 0.9914 0.1287
vn -0.0176 0.9900 0.1400
vn -0.0058 0.9913 0.1315
vn 0.0030 0.9940 0.1090
vn 0.0056 0.9973 0.0737
vn 0.0051 0.9988 0.0491
vn 0.0037 0.9992 0.0386
vn 0.0027 0.9991 0.0424
vn 0.0033 0.9986 0.0532
vn 0.0054 0.9986 0.0523
vn 0.0080 0.9994 0.0326
vn 0.0094 0.9998 0.0172
vn -0.0182 0.9990 -0.0409
vn -0.0251 0.9978 -0.0610
vn -0.0353 0.9958 -0.0841
vn -0.0325 0.9976 -0.0607
vn -0.0195 0.9998 0.0097
vn -0.0155 0.9964 0.0832
vn -0.0240 0.9911 0.1309
vn -0.0301 0.9894 0.1419
vn -0.0272 0.9923 0.1207
vn -0.0177 0.9956 0.0924
vn -0.0088 0.9970 0.0764
vn -0.0026 0.9971 0.0758
vn 0.0027 0.9969 0.0783
vn 0.0061 0.9976 0.0691
vn 0.0069 0.9984 0.0561
vn 0.0061 0.9989 0.0461
vn 0.0052 0.9990 0.0446
vn 0.0055 0.9988 0.0495
vn 0.0077 0.9988 0.0474
vn 0.0113 0.9995 0.0289
vn 0.0133 0.9998 0.0147
vn -0.0048 0.9999 -0.0130
vn -0.0176 0.9990 -0.0420
vn -0.0480 0.9949 -0.0884
vn -0.0836 0.9918 -0.0970
vn -0.1178 0.9920 -0.0459
vn -0.1416 0.9887 0.0486
vn -0.1352 0.9820 0.1318
vn -0.0958 0.9831 0.1559
vn -0.0456 0.9906 0.1292
vn -0.0083 0.9958 0.0910
vn 0.0068 0.9978 0.0662
vn 0.0091 0.9980 0.0622
vn 0.0090 0.9978 0.0653
vn 0.0090 0.9980 0.0631
vn 0.0084 0.9984 0.0565
vn 0.0074 0.9988 0.0481
vn 0.0064 0.9989 0.0456
vn 0.0065 0.9988 0.0483
vn 0.0089 0.9989 0.0452
vn 0.0132 0.9995 0.0273
vn 0.0156 0.9998 0.0137
s 1
usemtl Material.001
f 1050//1046 1051//1047 1030//1026 1029//1025
f 1051//1047 1052//1048 1031//1027 1030//1026
f 1052//1048 1053//1049 1032//1028 1031//1027
f 1053//1049 1054//1050 1033//1029 1032//1028
f 1054//1050 1055//1051 1034//1030 1033//1029
f 1055//1051 1056//1052 1035//1031 1034//1030
f 1056//1052 1057//1053 1036//1032 1035//1031
f 1057//1053 1058//1054 1037//1033 1036//1032
f 1058//1054 1059//1055 1038//1034 1037//1033
f 1059//1055 1060//1056 1039//1035 1038//1034
f 1060//1056 1061//1057 1040//1036 1039//1035
f 1061//1057 1062//1058 1041//1037 1040//1036
f 1062//1058 1063//1059 1042//1038 1041//1037
f 1063//1059 1064//1060 1043//1039 1042//1038
f 1064//1060 1065//1061 1044//1040 1043//1039
f 1065//1061 1066//1062 1045//1041 1044//1040
f 1066//1062 1067//1063 1046//1042 1045//1041
f 1067//1063 1068//1064 1047//1043 1046//1042
f 1068//1064 1069//1065 1048//1044 1047//1043
f 1069//1065 1070//1066 1049//1045 1048//1044
f 1071//1067 1072//1068 1051//1047 1050//1046
f 1072//1068 1073//1069 1052//1048 1051//1047
f 1073//1069 1074//1070 1053//1049 1052//1048
f 1074//1070 1075//1071 1054//1050 1053//1049
f 1075//1071 1076//1072 1055//1051 1054//1050
f 1076//1072 1077//1073 1056//1052 1055//1051
f 1077//1073 1078//1074 1057//1053 1056//1052
f 1078//1074 1079//1075 1058//1054 1057//1053
f 1079//1075 1080//1076 1059//1055 1058//1054
f 1080//1076 1081//1077 1060//1056 1059//1055
f 1081//1077 1082//1078 1061//1057 1060//1056
f 1082//1078 1083//1079 1062//1058 1061//1057
f 1083//1079 1084//1080 1063//1059 1062//1058
f 1084//1080 1085//1081 1064//1060 1063//1059
f 1085//1081 1086//1082 1065//1061 1064//1060
f 1086//1082 1087//1083 1066//1062 1065//1061
f 1087//1083 1088//1084 1067//1063 1066//1062
f 1088//1084 1089//1085 1068//1064 1067//1063
f 1089//1085 1090//1086 1069//1065 1068//1064
f 1090//1086 1091//1087 1070//1066 1069//1065
f 1092//1088 1093//1089 1072//1068 1071//1067
f 1093//1089 1094//1090 1073//1069 1072//1068
f 1094//1090 1095//1091 1074//1070 1073//1069
f 1095//1091 1096//1092 1075//1071 1074//1070
f 1096//1092 1097//1093 1076//1072 1075//1071
f 1097//1093 1098//1094 1077//1073 1076//1072
f 1098//1094 1099//1095 1078//1074 1077//1073
f 1099//1095 1100//1096 1079//1075 1078//1074
f 1100//1096 1101//1097 1080//1076 1079//1075
f 1101//1097 1102//1098 1081//1077 1080//1076
f 1102//1098 1103//1099 1082//1078 1081//1077
f 1103//1099 1104//1100 1083//1079 1082//1078
f 1104//1100 1105//1101 1084//1080 1083//1079
f 1105//1101 1106//1102 1085//1081 1084//1080
f 1106//1102 1107//1103 1086//1082 1085//1081
f 1107//1103 1108//1104 1087//1083 1086//1082
f 1108//1104 1109//1105 1088//1084 1087//1083
f 1109//1105 1110//1106 1089//1085 1088//1084
f 1110//1106 1111//1107 1090//1086 1089//1085
f 1111//1107 1112//1108 1091//1087 1090//1086
f 1113//1109 1114//1110 1093//1089 1092//1088
f 1114//1110 1115//1111 1094//1090 1093//1089
f 1115//1111 1116//1112 1095//1091 1094//1090
f 1116//1112 1117//1113 1096//1092 1095//1091
f 1117//1113 1118//1114 1097//1093 1096//1092
f 1118//1114 1119//1115 1098//1094 1097//1093
f 1119//1115 1120//1116 1099//1095 1098//1094
f 1120//1116 1121//1117 1100//1096 1099//1095
f 1121//1117 1122//1118 1101//1097 1100//1096
f 1122//1118 1123//1119 1102//1098 1101//1097
f 1123//1119 1124//1120 1103//1099 1102//1098
f 1124//1120 1125//1121 1104//1100 1103//1099
f 1125//1121 1126//1122 1105//1101 1104//1100
f 1126//1122 1127//1123 1106//1102 1105//1101
f 1127//1123 1128//1124 1107//1103 1106//1102
f 1128//1124 1129//1125 1108//1104 1107//1103
f 1129//1125 1130//1126 1109//1105 1108//1104
f 1130//1126 1131//1127 1110//1106 1109//1105
f 1131//1127 1132//1128 1111//1107 1110//1106
f 1132//1128 1133//1129 1112//1108 1111//1107
f 1134//1130 1135//1131 1114//1110 1113//1109
f 1135//1131 1136//1132 1115//1111 1114//1110
f 1136//1132 1137//1133 1116//1112 1115//1111
f 1137//1133 1138//1134 1117//1113 1116//1112
f 1138//1134 1139//1135 1118//1114 1117//1113
f 1139//1135 1140//1136 1119//1115 1118//1114
f 1140//1136 1141//1137 1120//1116 1119//1115
f 1141//1137 1142//1138 1121//1117 1120//1116
f 1142//1138 1143//1139 1122//1118 1121//1117
f 1143//1139 1144//1140 1123//1119 1122//1118
f 1144//1140 1145//1141 1124//1120 1123//1119
f 1145//1141 1146//1142 1125//1121 1124//1120
f 1146//1142 1147//1143 1126//1122 1125//1121
f 1147//1143 1148//1144 1127//1123 1126//1122
f 1148//1144 1149//1145 1128//1124 1127//1123
f 1149//1145 1150//1146 1129//1125 1128//1124
f 1150//1146 1151//1147 1130//1126 1129//1125
f 1151//1147 1152//1148 1131//1127 1130//1126
f 1152//1148 1153//1149 1132//1128 1131//1127
f 1153//1149 1154//1150 1133//1129 1132//1128
f 1155//1151 1156//1152 1135//1131 1134//1130
f 1156//1152 1157//1153 1136//1132 1135//1131
f 1157//1153 1158//1154 1137//1133 1136//1132
f 1158//1154 1159//1155 1138//1134 1137//1133
f 1159//1155 1160//1156 1139//1135 1138//1134
f 1160//1156 1161//1157 1140//1136 1139//1135
f 1161//1157 1162//1158 1141//1137 1140//1136
f 1162//1158 1163//1159 1142//1138 1141//1137
f 1163//1159 1164//1160 1143//1139 1142//1138
f 1164//1160 1165//1161 1144//1140 1143//1139
f 1165//1161 1166//1162 1145//1141 1144//1140
f 1166//1162 1167//1163 1146//1142 1145//1141
f 1167//1163 1168//1164 1147//1143 1146//1142
f 1168//1164 1169//1165 1148//1144 1147//1143
f 1169//1165 1170//1166 1149//1145 1148//1144
f 1170//1166 1171//1167 1150//1146 1149//1145
f 1171//1167 1172//1168 1151//1147 1150//1146
f 1172//1168 1173//1169 1152//1148 1151//1147
f 1173//1169 1174//1170 1153//1149 1152//1148
f 1174//1170 1175//1171 1154//1150 1153//1149
f 1176//1172 1177//1173 1156//1152 1155//1151
f 1177//1173 1178//1174 1157//1153 1156//1152
f 1178//1174 1179//1175 1158//1154 1157//1153
f 1179//1175 1180//1176 1159//1155 1158//1154
f 1180//1176 1181//1177 1160//1156 1159//1155
f 1181//1177 1182//1178 1161//1157 1160//1156
f 1182//1178 1183//1179 1162//1158 1161//1157
f 1183//1179 1184//1180 1163//1159 1162//1158
f 1184//1180 1185//1181 1164//1160 1163//1159
f 1185//1181 1186//1182 1165//1161 1164//1160
f 1186//1182 1187//1183 1166//1162 1165//1161
f 1187//1183 1188//1184 1167//1163 1166//1162
f 1188//1184 1189//1185 1168//1164 1167//1163
f 1189//1185 1190//1186 1169//1165 1168//1164
f 1190//1186 1191//1187 1170//1166 1169//1165
f 1191//1187 1192//1188 1171//1167 1170//1166
f 1192//1188 1193//1189 1172//1168 1171//1167
f 1193//1189 1194//1190 1173//1169 1172//1168
f 1194//1190 1195//1191 1174//1170 1173//1169
f 1195//1191 1196//1192 1175//1171 1174//1170
f 1197//1193 1198//1194 1177//1173 1176//1172
f 1198//1194 1199//1195 1178//1174 1177//1173
f 1199//1195 1200//1196 1179//1175 1178//1174
f 1200//1196 1201//1197 1180//1176 1179//1175
f 1201//1197 1202//1198 1181//1177 1180//1176
f 1202//1198 1203//1199 1182//1178 1181//1177
f 1203//1199 1204//1200 1183//1179 1182//1178
f 1204//1200 1205//1201 1184//1180 1183//1179
f 1205//1201 1206//1202 1185//1181 1184//1180
f 1206//1202 1207//1203 1186//1182 1185//1181
f 1207//1203 1208//1204 1187//1183 1186//1182
f 1208//1204 1209//1205 1188//1184 1187//1183
f 1209//1205 1210//1206 1189//1185 1188//1184
f 1210//1206 1211//1207 1190//1186 1189//1185
f 1211//1207 1212//1208 1191//1187 1190//1186
f 1212//1208 1213//1209 1192//1188 1191//1187
f 1213//1209 1214//1210 1193//1189 1192//1188
f 1214//1210 1215//1211 1194//1190 1193//1189
f 1215//1211 1216//1212 1195//1191 1194//1190
f 1216//1212 1217//1213 1196//1192 1195//1191
f 1218//1214 1219//1215 1198//1194 1197//1193
f 1219//1215 1220//1216 1199//1195 1198//1194
f 1220//1216 1221//1217 1200//1196 1199//1195
f 1221//1217 1222//1218 1201//1197 1200//1196
f 1222//1218 1223//1219 1202//1198 1201//1197
f 1223//1219 1224//1220 1203//1199 1202//1198
f 1224//1220 1225//1221 1204//1200 1203//1199
f 1225//1221 1226//1222 1205//1201 1204//1200
f 1226//1222 1227//1223 1206//1202 1205//1201
f 1227//1223 1228//1224 1207//1203 1206//1202
f 1228//1224 1229//1225 1208//1204 1207//1203
f 1229//1225 1230//1226 1209//1205 1208//1204
f 1230//1226 1231//1227 1210//1206 1209//1205
f 1231//1227 1232//1228 1211//1207 1210//1206
f 1232//1228 1233//1229 1212//1208 1211//1207
f 1233//1229 1234//1230 1213//1209 1212//1208
f 1234//1230 1235//1231 1214//1210 1213//1209
f 1235//1231 1236//1232 1215//1211 1214//1210
f 1236//1232 1237//1233 1216//1212 1215//1211
f 1237//1233 1238//1234 1217//1213 1216//1212
f 1239//1235 1240//1236 1219//1215 1218//1214
f 1240//1236 1241//1237 1220//1216 1219//1215
f 1241//1237 1242//1238 1221//1217 1220//1216
f 1242//1238 1243//1239 1222//1218 1221//1217
f 1243//1239 1244//1240 1223//1219 1222//1218
f 1244//1240 1245//1241 1224//1220 1223//1219
f 1245//1241 1246//1242 1225//1221 1224//1220
f 1246//1242 1247//1243 1226//1222 1225//1221
f 1247//1243 1248//1244 1227//1223 1226//1222
f 1248//1244 1249//1245 1228//1224 1227//1223
f 1249//1245 1250//1246 1229//1225 1228//1224
f 1250//1246 1251//1247 1230//1226 1229//1225
f 1251//1247 1252//1248 1231//1227 1230//1226
f 1252//1248 1253//1249 1232//1228 1231//1227
f 1253//1249 1254//1250 1233//1229 1232//1228
f 1254//1250 1255//1251 1234//1230 1233//1229
f 1255//1251 1256//1252 1235//1231 1234//1230
f 1256//1252 1257//1253 1236//1232 1235//1231
f 1257//1253 1258//1254 1237//1233 1236//1232
f 1258//1254 1259//1255 1238//1234 1237//1233
f 1260//1256 1261//1257 1240//1236 1239//1235
f 1261//1257 1262//1258 1241//1237 1240//1236
f 1262//1258 1263//1259 1242//1238 1241//1237
f 1263//1259 1264//1260 1243//1239 1242//1238
f 1264//1260 1265//1261 1244//1240 1243//1239
f 1265//1261 1266//1262 1245//1241 1244//1240
f 1266//1262 1267//1263 1246//1242 1245//1241
f 1267//1263 1268//1264 1247//1243 1246//1242
f 1268//1264 1269//1265 1248//1244 1247//1243
f 1269//1265 1270//1266 1249//1245 1248//1244
f 1270//1266 1271//1267 1250//1246 1249//1245
f 1271//1267 1272//1268 1251//1247 1250//1246
f 1272//1268 1273//1269 1252//1248 1251//1247
f 1273//1269 1274//1270 1253//1249 1252//1248
f 1274//1270 1275//1271 1254//1250 1253//1249
f 1275//1271 1276//1272 1255//1251 1254//1250
f 1276//1272 1277//1273 1256//1252 1255//1251
f 1277//1273 1278//1274 1257//1253 1256//1252
f 1278//1274 1279//1275 1258//1254 1257//1253
f 1279//1275 1280//1276 1259//1255 1258//1254
f 1281//1277 1282//1278 1261//1257 1260//1256
f 1282//1278 1283//1279 1262//1258 1261//1257
f 1283//1279 1284//1280 1263//1259 1262//1258
f 1284//1280 1285//1281 1264//1260 1263//1259
f 1285//1281 1286//1282 1265//1261 1264//1260
f 1286//1282 1287//1283 1266//1262 1265//1261
f 1287//1283 1288//1284 1267//1263 1266//1262
f 1288//1284 1289//1285 1268//1264 1267//1263
f 1289//1285 1290//1286 1269//1265 1268//1264
f 1290//1286 1291//1287 1270//1266 1269//1265
f 1291//1287 1292//1288 1271//1267 1270//1266
f 1292//1288 1293//1289 1272//1268 1271//1267
f 1293//1289 1294//1290 1273//1269 1272//1268
f 1294//1290 1295//1291 1274//1270 1273//1269
f 1295//1291 1296//1292 1275//1271 1274//1270
f 1296//1292 1297//1293 1276//1272 1275//1271
f 1297//1293 1298//1294 1277//1273 1276//1272
f 1298//1294 1299//1295 1278//1274 1277//1273
f 1299//1295 1300//1296 1279//1275 1278//1274
f 1300//1296 1301//1297 1280//1276 1279//1275
f 1302//1298 1303//1299 1282//1278 1281//1277
f 1303//1299 1304//1300 1283//1279 1282//1278
f 1304//1300 1305//1301 1284//1280 1283//1279
f 1305//1301 1306//1302 1285//1281 1284//1280
f 1306//1302 1307//1303 1286//1282 1285//1281
f 1307//1303 1308//1304 1287//1283 1286//1282
f 1308//1304 1309//1305 1288//1284 1287//1283
f 1309//1305 1310//1306 1289//1285 1288//1284
f 1310//1306 1311//1307 1290//1286 1289//1285
f 1311//1307 1312//1308 1291//1287 1290//1286
f 1312//1308 1313//1309 1292//1288 1291//1287
f 1313//1309 1314//1310 1293//1289 1292//1288
f 1314//1310 1315//1311 1294//1290 1293//1289
f 1315//1311 1316//1312 1295//1291 1294//1290
f 1316//1312 1317//1313 1296//1292 1295//1291
f 1317//1313 1318//1314 1297//1293 1296//1292
f 1318//1314 1319//1315 1298//1294 1297//1293
f 1319//1315 1320//1316 1299//1295 1298//1294
f 1320//1316 1321//1317 1300//1296 1299//1295
f 1321//1317 1322//1318 1301//1297 1300//1296
f 1323//1319 1324//1320 1303//1299 1302//1298
f 1324//1320 1325//1321 1304//1300 1303//1299
f 1325//1321 1326//1322 1305//1301 1304//1300
f 1326//1322 1327//1323 1306//1302 1305//1301
f 1327//1323 1328//1324 1307//1303 1306//1302
f 1328//1324 1329//1325 1308//1304 1307//1303
f 1329//1325 1330//1326 1309//1305 1308//1304
f 1330//1326 1331//1327 1310//1306 1309//1305
f 1331//1327 1332//1328 1311//1307 1310//1306
f 1332//1328 1333//1329 1312//1308 1311//1307
f 1333//1329 1334//1330 1313//1309 1312//1308
f 1334//1330 1335//1331 1314//1310 1313//1309
f 1335//1331 1336//1332 1315//1311 1314//1310
f 1336//1332 1337//1333 1316//1312 1315//1311
f 1337//1333 1338//1334 1317//1313 1316//1312
f 1338//1334 1339//1335 1318//1314 1317//1313
f 1339//1335 1340//1336 1319//1315 1318//1314
f 1340//1336 1341//1337 1320//1316 1319//1315
f 1341//1337 1342//1338 1321//1317 1320//1316
f 1342//1338 1343//1339 1322//1318 1321//1317
f 1344//1340 1345//1341 1324//1320 1323//1319
f 1345//1341 1346//1342 1325//1321 1324//1320
f 1346//1342 1347//1343 1326//1322 1325//1321
f 1347//1343 1348//1344 1327//1323 1326//1322
f 1348//1344 1349//1345 1328//1324 1327//1323
f 1349//1345 1350//1346 1329//1325 1328//1324
f 1350//1346 1351//1347 1330//1326 1329//1325
f 1351//1347 1352//1348 1331//1327 1330//1326
f 1352//1348 1353//1349 1332//1328 1331//1327
f 1353//1349 1354//1350 1333//1329 1332//1328
f 1354//1350 1355//1351 1334//1330 1333//1329
f 1355//1351 1356//1352 1335//1331 1334//1330
f 1356//1352 1357//1353 1336//1332 1335//1331
f 1357//1353 1358//1354 1337//1333 1336//1332
f 1358//1354 1359//1355 1338//1334 1337//1333
f 1359//1355 1360//1356 1339//1335 1338//1334
f 1360//1356 1361//1357 1340//1336 1339//1335
f 1361//1357 1362//1358 1341//1337 1340//1336
f 1362//1358 1363//1359 1342//1338 1341//1337
f 1363//1359 1364//1360 1343//1339 1342//1338
f 1365//1361 1366//1362 1345//1341 1344//1340
f 1366//1362 1367//1363 1346//1342 1345//1341
f 1367//1363 1368//1364 1347//1343 1346//1342
f 1368//1364 1369//1365 1348//1344 1347//1343
f 1369//1365 1370//1366 1349//1345 1348//1344
f 1370//1366 1371//1367 1350//1346 1349//1345
f 1371//1367 1372//1368 1351//1347 1350//1346
f 1372//1368 1373//1369 1352//1348 1351//1347
f 1373//1369 1374//1370 1353//1349 1352//1348
f 1374//1370 1375//1371 1354//1350 1353//1349
f 1375//1371 1376//1372 1355//1351 1354//1350
f 1376//1372 1377//1373 1356//1352 1355//1351
f 1377//1373 1378//1374 1357//1353 1356//1352
f 1378//1374 1379//1375 1358//1354 1357//1353
f 1379//1375 1380//1376 1359//1355 1358//1354
f 1380//1376 1381//1377 1360//1356 1359//1355
f 1381//1377 1382//1378 1361//1357 1360//1356
f 1382//1378 1383//1379 1362//1358 1361//1357
f 1383//1379 1384//1380 1363//1359 1362//1358
f 1384//1380 1385//1381 1364//1360 1363//1359
f 1386//1382 1387//1383 1366//1362 1365//1361
f 1387//1383 1388//1384 1367//1363 1366//1362
f 1388//1384 1389//1385 1368//1364 1367//1363
f 1389//1385 1390//1386 1369//1365 1368//1364
f 1390//1386 1391//1387 1370//1366 1369//1365
f 1391//1387 1392//1388 1371//1367 1370//1366
f 1392//1388 1393//1389 1372//1368 1371//1367
f 1393//1389 1394//1390 1373//1369 1372//1368
f 1394//1390 1395//1391 1374//1370 1373//1369
f 1395//1391 1396//1392 1375//1371 1374//1370
f 1396//1392 1397//1393 1376//1372 1375//1371
f 1397//1393 1398//1394 1377//1373 1376//1372
f 1398//1394 1399//1395 1378//1374 1377//1373
f 1399//1395 1400//1396 1379//1375 1378//1374
f 1400//1396 1401//1397 1380//1376 1379//1375
f 1401//1397 1402//1398 1381//1377 1380//1376
f 1402//1398 1403//1399 1382//1378 1381//1377
f 1403//1399 1404//1400 1383//1379 1382//1378
f 1404//1400 1405//1401 1384//1380 1383//1379
f 1405//1401 1406//1402 1385//1381 1384//1380
f 1407//1403 1408//1404 1387//1383 1386//1382
f 1408//1404 1409//1405 1388//1384 1387//1383
f 1409//1405 1410//1406 1389//1385 1388//1384
f 1410//1406 1411//1407 1390//1386 1389//1385
f 1411//1407 1412//1408 1391//1387 1390//1386
f 1412//1408 1413//1409 1392//1388 1391//1387
f 1413//1409 1414//1410 1393//1389 1392//1388
f 1414//1410 1415//1411 1394//1390 1393//1389
f 1415//1411 1416//1412 1395//1391 1394//1390
f 1416//1412 1417//1413 1396//1392 1395//1391
f 1417//1413 1418//1414 1397//1393 1396//1392
f 1418//1414 1419//1415 1398//1394 1397//1393
f 1419//1415 1420//1416 1399//1395 1398//1394
f 1420//1416 1421//1417 1400//1396 1399//1395
f 1421//1417 1422//1418 1401//1397 1400//1396
f 1422//1418 1423//1419 1402//1398 1401//1397
f 1423//1419 1424//1420 1403//1399 1402//1398
f 1424//1420 1425//1421 1404//1400 1403//1399
f 1425//1421 1426//1422 1405//1401 1404//1400
f 1426//1422 1427//1423 1406//1402 1405//1401
f 1428//1424 1429//1425 1408//1404 1407//1403
f 1429//1425 1430//1426 1409//1405 1408//1404
f 1430//1426 1431//1427 1410//1406 1409//1405
f 1431//1427 1432//1428 1411//1407 1410//1406
f 1432//1428 1433//1429 1412//1408 1411//1407
f 1433//1429 1434//1430 1413//1409 1412//1408
f 1434//1430 1435//1431 1414//1410 1413//1409
f 1435//1431 1436//1432 1415//1411 1414//1410
f 1436//1432 1437//1433 1416//1412 1415//1411
f 1437//1433 1438//1434 1417//1413 1416//1412
f 1438//1434 1439//1435 1418//1414 1417//1413
f 1439//1435 1440//1436 1419//1415 1418//1414
f 1440//1436 1441//1437 1420//1416 1419//1415
f 1441//1437 1442//1438 1421//1417 1420//1416
f 1442//1438 1443//1439 1422//1418 1421//1417
f 1443//1439 1444//1440 1423//1419 1422//1418
f 1444//1440 1445//1441 1424//1420 1423//1419
f 1445//1441 1446//1442 1425//1421 1424//1420
f 1446//1442 1447//1443 1426//1422 1425//1421
f 1447//1443 1448//1444 1427//1423 1426//1422
f 1449//1445 1450//1446 1429//1425 1428//1424
f 1450//1446 1451//1447 1430//1426 1429//1425
f 1451//1447 1452//1448 1431//1427 1430//1426
f 1452//1448 1453//1449 1432//1428 1431//1427
f 1453//1449 1454//1450 1433//1429 1432//1428
f 1454//1450 1455//1451 1434//1430 1433//1429
f 1455//1451 1456//1452 1435//1431 1434//1430
f 1456//1452 1457//1453 1436//1432 1435//1431
f 1457//1453 1458//1454 1437//1433 1436//1432
f 1458//1454 1459//1455 1438//1434 1437//1433
f 1459//1455 1460//1456 1439//1435 1438//1434
f 1460//1456 1461//1457 1440//1436 1439//1435
f 1461//1457 1462//1458 1441//1437 1440//1436
f 1462//1458 1463//1459 1442//1438 1441//1437
f 1463//1459 1464//1460 1443//1439 1442//1438
f 1464//1460 1465//1461 1444//1440 1443//1439
f 1465//1461 1466//1462 1445//1441 1444//1440
f 1466//1462 1467//1463 1446//1442 1445//1441
f 1467//1463 1468//1464 1447//1443 1446//1442
f 1468//1464 1469//1465 1448//1444 1447//1443
f 1470//1466 1471//1467 1450//1446 1449//1445
f 1471//1467 1472//1468 1451//1447 1450//1446
f 1472//1468 1473//1469 1452//1448 1451//1447
f 1473//1469 1474//1470 1453//1449 1452//1448
f 1474//1470 1475//1471 1454//1450 1453//1449
f 1475//1471 1476//1472 1455//1451 1454//1450
f 1476//1472 1477//1473 1456//1452 1455//1451
f 1477//1473 1478//1474 1457//1453 1456//1452
f 1478//1474 1479//1475 1458//1454 1457//1453
f 1479//1475 1480//1476 1459//1455 1458//1454
f 1480//1476 1481//1477 1460//1456 1459//1455
f 1481//1477 1482//1478 1461//1457 1460//1456
f 1482//1478 1483//1479 1462//1458 1461//1457
f 1483//1479 1484//1480 1463//1459 1462//1458
f 1484//1480 1485//1481 1464//1460 1463//1459
f 1485//1481 1486//1482 1465//1461 1464//1460
f 1486//1482 1487//1483 1466//1462 1465//1461
f 1487//1483 1488//1484 1467//1463 1466//1462
f 1488//1484 1489//1485 1468//1464 1467//1463
f 1489//1485 1490//1486 1469//1465 1468//1464
f 1491//1487 1492//1488 1471//1467 1470//1466
f 1492//1488 1493//1489 1472//1468 1471//1467
f 1493//1489 1494//1490 1473//1469 1472//1468
f 1494//1490 1495//1491 1474//1470 1473//1469
f 1495//1491 1496//1492 1475//1471 1474//1470
f 1496//1492 1497//1493 1476//1472 1475//1471
f 1497//1493 1498//1494 1477//1473 1476//1472
f 1498//1494 1499//1495 1478//1474 1477//1473
f 1499//1495 1500//1496 1479//1475 1478//1474
f 1500//1496 1501//1497 1480//1476 1479//1475
f 1501//1497 1502//1498 1481//1477 1480//1476
f 1502//1498 1503//1499 1482//1478 1481//1477
f 1503//1499 1504//1500 1483//1479 1482//1478
f 1504//1500 1505//1501 1484//1480 1483//1479
f 1505//1501 1506//1502 1485//1481 1484//1480
f 1506//1502 1507//1503 1486//1482 1485//1481
f 1507//1503 1508//1504 1487//1483 1486//1482
f 1508//1504 1509//1505 1488//1484 1487//1483
f 1509//1505 1510//1506 1489//1485 1488//1484
f 1510//1506 1511//1507 1490//1486 1489//1485
f 1512//1508 1513//1509 1492//1488 1491//1487
f 1513//1509 1514//1510 1493//1489 1492//1488
f 1514//1510 1515//1511 1494//1490 1493//1489
f 1515//1511 1516//1512 1495//1491 1494//1490
f 1516//1512 1517//1513 1496//1492 1495//1491
f 1517//1513 1518//1514 1497//1493 1496//1492
f 1518//1514 1519//1515 1498//1494 1497//1493
f 1519//1515 1520//1516 1499//1495 1498//1494
f 1520//1516 1521//1517 1500//1496 1499//1495
f 1521//1517 1522//1518 1501//1497 1500//1496
f 1522//1518 1523//1519 1502//1498 1501//1497
f 1523//1519 1524//1520 1503//1499 1502//1498
f 1524//1520 1525//1521 1504//1500 1503//1499
f 1525//1521 1526//1522 1505//1501 1504//1500
f 1526//1522 1527//1523 1506//1502 1505//1501
f 1527//1523 1528//1524 1507//1503 1506//1502
f 1528//1524 1529//1525 1508//1504 1507//1503
f 1529//1525 1530//1526 1509//1505 1508//1504
f 1530//1526 1531//1527 1510//1506 1509//1505
f 1531//1527 1532//1528 1511//1507 1510//1506
f 1533//1529 1534//1530 1513//1509 1512//1508
f 1534//1530 1535//1531 1514//1510 1513//1509
f 1535//1531 1536//1532 1515//1511 1514//1510
f 1536//1532 1537//1533 1516//1512 1515//1511
f 1537//1533 1538//1534 1517//1513 1516//1512
f 1538//1534 1539//1535 1518//1514 1517//1513
f 1539//1535 1540//1536 1519//1515 1518//1514
f 1540//1536 1541//1537 1520//1516 1519//1515
f 1541//1537 1542//1538 1521//1517 1520//1516
f 1542//1538 1543//1539 1522//1518 1521//1517
f 1543//1539 1544//1540 1523//1519 1522//1518
f 1544//1540 1545//1541 1524//1520 1523//1519
f 1545//1541 1546//1542 1525//1521 1524//1520
f 1546//1542 1547//1543 1526//1522 1525//1521
f 1547//1543 1548//1544 1527//1523 1526//1522
f 1548//1544 1549//1545 1528//1524 1527//1523
f 1549//1545 1550//1546 1529//1525 1528//1524
f 1550//1546 1551//1547 1530//1526 1529//1525
f 1551//1547 1552//1548 1531//1527 1530//1526
f 1552//1548 1553//1549 1532//1528 1531//1527
f 1554//1550 1555//1551 1534//1530 1533//1529
f 1555//1551 1556//1552 1535//1531 1534//1530
f 1556//1552 1557//1553 1536//1532 1535//1531
f 1557//1553 1558//1554 1537//1533 1536//1532
f 1558//1554 1559//1555 1538//1534 1537//1533
f 1559//1555 1560//1556 1539//1535 1538//1534
f 1560//1556 1561//1557 1540//1536 1539//1535
f 1561//1557 1562//1558 1541//1537 1540//1536
f 1562//1558 1563//1559 1542//1538 1541//1537
f 1563//1559 1564//1560 1543//1539 1542//1538
f 1564//1560 1565//1561 1544//1540 1543//1539
f 1565//1561 1566//1561 1545//1541 1544//1540
f 1566//1561 1567//1562 1546//1542 1545//1541
f 1567//1562 1568//1563 1547//1543 1546//1542
f 1568//1563 1569//1564 1548//1544 1547//1543
f 1569//1564 1570//1565 1549//1545 1548//1544
f 1570//1565 1571//1566 1550//1546 1549//1545
f 1571//1566 1572//1567 1551//1547 1550//1546
f 1572//1567 1573//1568 1552//1548 1551//1547
f 1573//1568 1574//1569 1553//1549 1552//1548
f 1575//1570 1576//1571 1555//1551 1554//1550
f 1576//1571 1577//1572 1556//1552 1555//1551
f 1577//1572 1578//1573 1557//1553 1556//1552
f 1578//1573 1579//1574 1558//1554 1557//1553
f 1579//1574 1580//1575 1559//1555 1558//1554
f 1580//1575 1581//1576 1560//1556 1559//1555
f 1581//1576 1582//1577 1561//1557 1560//1556
f 1582//1577 1583//1578 1562//1558 1561//1557
f 1583//1578 1584//1579 1563//1559 1562//1558
f 1584//1579 1585//1580 1564//1560 1563//1559
f 1585//1580 1586//1581 1565//1561 1564//1560
f 1586//1581 1587//1582 1566//1561 1565//1561
f 1587//1582 1588//1583 1567//1562 1566//1561
f 1588//1583 1589//1584 1568//1563 1567//1562
f 1589//1584 1590//1585 1569//1564 1568//1563
f 1590//1585 1591//1586 1570//1565 1569//1564
f 1591//1586 1592//1587 1571//1566 1570//1565
f 1592//1587 1593//1588 1572//1567 1571//1566
f 1593//1588 1594//1589 1573//1568 1572//1567
f 1594//1589 1595//1590 1574//1569 1573//1568
f 1596//1591 1597//1592 1576//1571 1575//1570
f 1597//1592 1598//1593 1577//1572 1576//1571
f 1598//1593 1599//1594 1578//1573 1577//1572
f 1599//1594 1600//1595 1579//1574 1578//1573
f 1600//1595 1601//1596 1580//1575 1579//1574
f 1601//1596 1602//1597 1581//1576 1580//1575
f 1602//1597 1603//1598 1582//1577 1581//1576
f 1603//1598 1604//1599 1583//1578 1582//1577
f 1604//1599 1605//1600 1584//1579 1583//1578
f 1605//1600 1606//1601 1585//1580 1584//1579
f 1606//1601 1607//1602 1586//1581 1585//1580
f 1607//1602 1608//1603 1587//1582 1586//1581
f 1608//1603 1609//1604 1588//1583 1587//1582
f 1609//1604 1610//1605 1589//1584 1588//1583
f 1610//1605 1611//1606 1590//1585 1589//1584
f 1611//1606 1612//1607 1591//1586 1590//1585
f 1612//1607 1613//1608 1592//1587 1591//1586
f 1613//1608 1614//1609 1593//1588 1592//1587
f 1614//1609 1615//1610 1594//1589 1593//1588
f 1615//1610 1616//1611 1595//1590 1594//1589
f 1617//1612 1618//1613 1597//1592 1596//1591
f 1618//1613 1619//1614 1598//1593 1597//1592
f 1619//1614 1620//1615 1599//1594 1598//1593
f 1620//1615 1621//1616 1600//1595 1599//1594
f 1621//1616 1622//1617 1601//1596 1600//1595
f 1622//1617 1623//1618 1602//1597 1601//1596
f 1623//1618 1624//1619 1603//1598 1602//1597
f 1624//1619 1625//1620 1604//1599 1603//1598
f 1625//1620 1626//1621 1605//1600 1604//1599
f 1626//1621 1627//1622 1606//1601 1605//1600
f 1627//1622 1628//1623 1607//1602 1606//1601
f 1628//1623 1629//1624 1608//1603 1607//1602
f 1629//1624 1630//1625 1609//1604 1608//1603
f 1630//1625 1631//1626 1610//1605 1609//1604
f 1631//1626 1632//1627 1611//1606 1610//1605
f 1632//1627 1633//1628 1612//1607 1611//1606
f 1633//1628 1634//1629 1613//1608 1612//1607
f 1634//1629 1635//1630 1614//1609 1613//1608
f 1635//1630 1636//1631 1615//1610 1614//1609
f 1636//1631 1637//1632 1616//1611 1615//1610
f 1638//1633 1639//1634 1618//1613 1617//1612
f 1639//1634 1640//1635 1619//1614 1618//1613
f 1640//1635 1641//1636 1620//1615 1619//1614
f 1641//1636 1642//1637 1621//1616 1620//1615
f 1642//1637 1643//1638 1622//1617 1621//1616
f 1643//1638 1644//1639 1623//1618 1622//1617
f 1644//1639 1645//1640 1624//1619 1623//1618
f 1645//1640 1646//1641 1625//1620 1624//1619
f 1646//1641 1647//1642 1626//1621 1625//1620
f 1647//1642 1648//1643 1627//1622 1626//1621
f 1648//1643 1649//1644 1628//1623 1627//1622
f 1649//1644 1650//1645 1629//1624 1628//1623
f 1650//1645 1651//1646 1630//1625 1629//1624
f 1651//1646 1652//1647 1631//1626 1630//1625
f 1652//1647 1653//1648 1632//1627 1631//1626
f 1653//1648 1654//1649 1633//1628 1632//1627
f 1654//1649 1655//1650 1634//1629 1633//1628
f 1655//1650 1656//1651 1635//1630 1634//1629
f 1656//1651 1657//1652 1636//1631 1635//1630
f 1657//1652 1658//1653 1637//1632 1636//1631
f 1659//1654 1660//1655 1639//1634 1638//1633
f 1660//1655 1661//1656 1640//1635 1639//1634
f 1661//1656 1662//1657 1641//1636 1640//1635
f 1662//1657 1663//1658 1642//1637 1641//1636
f 1663//1658 1664//1659 1643//1638 1642//1637
f 1664//1659 1665//1660 1644//1639 1643//1638
f 1665//1660 1666//1661 1645//1640 1644//1639
f 1666//1661 1667//1662 1646//1641 1645//1640
f 1667//1662 1668//1663 1647//1642 1646//1641
f 1668//1663 1669//1664 1648//1643 1647//1642
f 1669//1664 1670//1665 1649//1644 1648//1643
f 1670//1665 1671//1666 1650//1645 1649//1644
f 1671//1666 1672//1667 1651//1646 1650//1645
f 1672//1667 1673//1668 1652//1647 1651//1646
f 1673//1668 1674//1669 1653//1648 1652//1647
f 1674//1669 1675//1670 1654//1649 1653//1648
f 1675//1670 1676//1671 1655//1650 1654//1649
f 1676//1671 1677//1672 1656//1651 1655//1650
f 1677//1672 1678//1673 1657//1652 1656//1651
f 1678//1673 1679//1674 1658//1653 1657//1652
f 1680//1675 1681//1676 1660//1655 1659//1654
f 1681//1676 1682//1677 1661//1656 1660//1655
f 1682//1677 1683//1678 1662//1657 1661//1656
f 1683//1678 1684//1679 1663//1658 1662//1657
f 1684//1679 1685//1680 1664//1659 1663//1658
f 1685//1680 1686//1681 1665//1660 1664//1659
f 1686//1681 1687//1682 1666//1661 1665//1660
f 1687//1682 1688//1683 1667//1662 1666//1661
f 1688//1683 1689//1684 1668//1663 1667//1662
f 1689//1684 1690//1685 1669//1664 1668//1663
f 1690//1685 1691//1686 1670//1665 1669//1664
f 1691//1686 1692//1687 1671//1666 1670//1665
f 1692//1687 1693//1688 1672//1667 1671//1666
f 1693//1688 1694//1689 1673//1668 1672//1667
f 1694//1689 1695//1690 1674//1669 1673//1668
f 1695//1690 1696//1691 1675//1670 1674//1669
f 1696//1691 1697//1692 1676//1671 1675//1670
f 1697//1692 1698//1693 1677//1672 1676//1671
f 1698//1693 1699//1694 1678//1673 1677//1672
f 1699//1694 1700//1695 1679//1674 1678//1673
o BézierCurve
v -13.128882 -0.187841 -26.385792
v -13.128882 0.760527 -26.385792
v -12.300958 -0.216663 -26.996723
v -12.298053 0.785291 -26.998873
v -11.414349 -0.248795 -27.505432
v -11.408783 0.806736 -27.509140
v -10.475460 -0.283124 -27.918644
v -10.467932 0.825985 -27.923285
v -9.490788 -0.318536 -28.243006
v -9.482263 0.844156 -28.248081
v -8.466866 -0.353918 -28.485147
v -8.458511 0.862369 -28.490322
v -7.410247 -0.388151 -28.651697
v -7.403384 0.881738 -28.656801
v -6.327496 -0.420115 -28.749285
v -6.323579 0.903379 -28.754305
v -5.225180 -0.448690 -28.784550
v -5.225792 0.928402 -28.789616
v -4.109855 -0.472750 -28.764141
v -4.116733 0.957916 -28.769506
v -2.988056 -0.491168 -28.694704
v -3.003128 0.993027 -28.700748
v -1.866291 -0.502811 -28.582888
v -1.891731 1.034837 -28.590117
v -0.753677 -0.506603 -28.435659
v -0.786690 1.084500 -28.444057
v 0.346551 -0.455046 -28.230997
v 0.316762 1.082522 -28.238712
v 1.438756 -0.408104 -27.949955
v 1.415748 1.075990 -27.955940
v 2.518695 -0.365262 -27.605307
v 2.501173 1.065317 -27.609604
v 3.579589 -0.326064 -27.210320
v 3.566480 1.050973 -27.213066
v 4.614679 -0.290051 -26.778286
v 4.605096 1.033423 -26.779671
v 5.617219 -0.256765 -26.322506
v 5.610429 1.013135 -26.322748
v 6.580483 -0.225744 -25.856297
v 6.575870 0.990574 -25.855618
v 7.497761 -0.196527 -25.392973
v 7.494796 0.966203 -25.391598
v 8.362353 -0.168653 -24.945850
v 8.360568 0.940487 -24.944002
v 9.167580 -0.141660 -24.528248
v 9.166533 0.913889 -24.526152
v 9.906775 -0.115085 -24.153473
v 9.906018 0.886873 -24.151365
v 10.573247 -0.088466 -23.834864
v 10.572371 0.859901 -23.832943
v -15.876978 -0.379645 -28.751448
v -15.876978 1.273949 -28.751448
v -14.998296 -0.440798 -29.347853
v -14.993877 1.331406 -29.350899
v -13.969810 -0.504940 -29.817507
v -13.961638 1.385867 -29.822376
v -12.815995 -0.571025 -30.171936
v -12.805411 1.438387 -30.177710
v -11.561599 -0.638003 -30.422611
v -11.550078 1.490024 -30.428791
v -10.231392 -0.704821 -30.581070
v -10.220495 1.541830 -30.587437
v -8.850112 -0.770425 -30.658892
v -8.841548 1.594856 -30.665422
v -7.442443 -0.833759 -30.667686
v -7.438181 1.650151 -30.674501
v -6.032984 -0.893767 -30.619057
v -6.035422 1.708764 -30.626425
v -4.646203 -0.949384 -30.524605
v -4.658428 1.771736 -30.532951
v -3.306368 -0.999539 -30.395893
v -3.332559 1.840101 -30.405876
v -2.037393 -1.043139 -30.244423
v -2.083527 1.914871 -30.257053
v -0.871919 -1.079249 -30.082788
v -0.928317 1.997215 -30.097248
v 0.338227 -0.973709 -29.798630
v 0.299780 1.936731 -29.808750
v 1.746371 -0.876707 -29.302975
v 1.728277 1.867638 -29.306376
v 3.307727 -0.786939 -28.647163
v 3.301267 1.791155 -28.646017
v 4.969873 -0.703199 -27.885098
v 4.970480 1.708595 -27.881012
v 6.681509 -0.624242 -27.070635
v 6.686525 1.621238 -27.064734
v 8.391803 -0.548815 -26.257557
v 8.399542 1.530348 -26.250635
v 10.050134 -0.475657 -25.499590
v 10.059455 1.437190 -25.492228
v 11.606003 -0.403510 -24.850418
v 11.616074 1.343025 -24.843058
v 13.008982 -0.331114 -24.363705
v 13.019134 1.249113 -24.356701
v 14.208723 -0.257207 -24.093100
v 14.218293 1.156717 -24.086737
v 15.154999 -0.180530 -24.092321
v 15.163084 1.067097 -24.086685
v 15.797363 -0.099819 -24.415340
v 15.803253 0.981512 -24.409805
vn -0.5938 -0.0000 -0.8046
vn -0.5458 -0.0002 -0.8379
vn -0.4501 -0.0008 -0.8930
vn -0.3576 -0.0015 -0.9339
vn -0.2712 -0.0022 -0.9625
vn -0.1925 -0.0029 -0.9813
vn -0.1224 -0.0033 -0.9925
vn -0.0605 -0.0036 -0.9982
vn -0.0065 -0.0037 -1.0000
vn 0.0403 -0.0036 -0.9992
vn 0.0807 -0.0032 -0.9967
vn 0.1154 -0.0028 -0.9933
vn 0.1571 -0.0019 -0.9876
vn 0.2157 -0.0007 -0.9765
vn 0.2763 0.0004 -0.9611
vn 0.3262 0.0012 -0.9453
vn 0.3668 0.0016 -0.9303
vn 0.3993 0.0019 -0.9168
vn 0.4246 0.0021 -0.9054
vn 0.4431 0.0022 -0.8965
vn 0.4550 0.0022 -0.8905
vn 0.4598 0.0022 -0.8880
vn 0.4563 0.0022 -0.8898
vn 0.4419 0.0022 -0.8970
vn 0.4312 0.0022 -0.9022
vn -0.5616 -0.0000 -0.8274
vn -0.4877 -0.0003 -0.8730
vn -0.3534 -0.0009 -0.9355
vn -0.2437 -0.0015 -0.9698
vn -0.1562 -0.0020 -0.9877
vn -0.0866 -0.0024 -0.9962
vn -0.0307 -0.0026 -0.9995
vn 0.0145 -0.0028 -0.9999
vn 0.0516 -0.0028 -0.9987
vn 0.0821 -0.0027 -0.9966
vn 0.1073 -0.0025 -0.9942
vn 0.1281 -0.0023 -0.9918
vn 0.1829 -0.0013 -0.9831
vn 0.2787 0.0003 -0.9604
vn 0.3588 0.0012 -0.9334
vn 0.4015 0.0014 -0.9158
vn 0.4230 0.0014 -0.9061
vn 0.4295 0.0014 -0.9031
vn 0.4227 0.0014 -0.9063
vn 0.4008 0.0016 -0.9161
vn 0.3575 0.0019 -0.9339
vn 0.2763 0.0025 -0.9611
vn 0.1163 0.0037 -0.9932
vn -0.2159 0.0058 -0.9764
vn -0.4499 0.0070 -0.8931
vt 0.000000 1.000000
vt 0.041667 1.000000
vt 0.041667 0.000000
vt 0.000000 0.000000
vt 0.083333 1.000000
vt 0.083333 0.000000
vt 0.125000 1.000000
vt 0.125000 0.000000
vt 0.166667 1.000000
vt 0.166667 0.000000
vt 0.208333 1.000000
vt 0.208333 0.000000
vt 0.250000 1.000000
vt 0.250000 0.000000
vt 0.291667 1.000000
vt 0.291667 0.000000
vt 0.333333 1.000000
vt 0.333333 0.000000
vt 0.375000 1.000000
vt 0.375000 0.000000
vt 0.416667 1.000000
vt 0.416667 0.000000
vt 0.458333 1.000000
vt 0.458333 0.000000
vt 0.500000 1.000000
vt 0.500000 0.000000
vt 0.541667 1.000000
vt 0.541667 0.000000
vt 0.583333 1.000000
vt 0.583333 0.000000
vt 0.625000 1.000000
vt 0.625000 0.000000
vt 0.666667 1.000000
vt 0.666667 0.000000
vt 0.708333 1.000000
vt 0.708333 0.000000
vt 0.750000 1.000000
vt 0.750000 0.000000
vt 0.791667 1.000000
vt 0.791667 0.000000
vt 0.833333 1.000000
vt 0.833333 0.000000
vt 0.875000 1.000000
vt 0.875000 0.000000
vt 0.916667 1.000000
vt 0.916667 0.000000
vt 0.958333 1.000000
vt 0.958333 0.000000
vt 1.000000 1.000000
vt 1.000000 0.000000
s 1
f 1702/5/1696 1704/6/1697 1703/7/1697 1701/8/1696
f 1704/6/1697 1706/9/1698 1705/10/1698 1703/7/1697
f 1706/9/1698 1708/11/1699 1707/12/1699 1705/10/1698
f 1708/11/1699 1710/13/1700 1709/14/1700 1707/12/1699
f 1710/13/1700 1712/15/1701 1711/16/1701 1709/14/1700
f 1712/15/1701 1714/17/1702 1713/18/1702 1711/16/1701
f 1714/17/1702 1716/19/1703 1715/20/1703 1713/18/1702
f 1716/19/1703 1718/21/1704 1717/22/1704 1715/20/1703
f 1718/21/1704 1720/23/1705 1719/24/1705 1717/22/1704
f 1720/23/1705 1722/25/1706 1721/26/1706 1719/24/1705
f 1722/25/1706 1724/27/1707 1723/28/1707 1721/26/1706
f 1724/27/1707 1726/29/1708 1725/30/1708 1723/28/1707
f 1726/29/1708 1728/31/1709 1727/32/1709 1725/30/1708
f 1728/31/1709 1730/33/1710 1729/34/1710 1727/32/1709
f 1730/33/1710 1732/35/1711 1731/36/1711 1729/34/1710
f 1732/35/1711 1734/37/1712 1733/38/1712 1731/36/1711
f 1734/37/1712 1736/39/1713 1735/40/1713 1733/38/1712
f 1736/39/1713 1738/41/1714 1737/42/1714 1735/40/1713
f 1738/41/1714 1740/43/1715 1739/44/1715 1737/42/1714
f 1740/43/1715 1742/45/1716 1741/46/1716 1739/44/1715
f 1742/45/1716 1744/47/1717 1743/48/1717 1741/46/1716
f 1744/47/1717 1746/49/1718 1745/50/1718 1743/48/1717
f 1746/49/1718 1748/51/1719 1747/52/1719 1745/50/1718
f 1748/51/1719 1750/53/1720 1749/54/1720 1747/52/1719
f 1752/5/1721 1754/6/1722 1753/7/1722 1751/8/1721
f 1754/6/1722 1756/9/1723 1755/10/1723 1753/7/1722
f 1756/9/1723 1758/11/1724 1757/12/1724 1755/10/1723
f 1758/11/1724 1760/13/1725 1759/14/1725 1757/12/1724
f 1760/13/1725 1762/15/1726 1761/16/1726 1759/14/1725
f 1762/15/1726 1764/17/1727 1763/18/1727 1761/16/1726
f 1764/17/1727 1766/19/1728 1765/20/1728 1763/18/1727
f 1766/19/1728 1768/21/1729 1767/22/1729 1765/20/1728
f 1768/21/1729 1770/23/1730 1769/24/1730 1767/22/1729
f 1770/23/1730 1772/25/1731 1771/26/1731 1769/24/1730
f 1772/25/1731 1774/27/1732 1773/28/1732 1771/26/1731
f 1774/27/1732 1776/29/1733 1775/30/1733 1773/28/1732
f 1776/29/1733 1778/31/1734 1777/32/1734 1775/30/1733
f 1778/31/1734 1780/33/1735 1779/34/1735 1777/32/1734
f 1780/33/1735 1782/35/1736 1781/36/1736 1779/34/1735
f 1782/35/1736 1784/37/1737 1783/38/1737 1781/36/1736
f 1784/37/1737 1786/39/1738 1785/40/1738 1783/38/1737
f 1786/39/1738 1788/41/1739 1787/42/1739 1785/40/1738
f 1788/41/1739 1790/43/1740 1789/44/1740 1787/42/1739
f 1790/43/1740 1792/45/1741 1791/46/1741 1789/44/1740
f 1792/45/1741 1794/47/1742 1793/48/1742 1791/46/1741
f 1794/47/1742 1796/49/1743 1795/50/1743 1793/48/1742
f 1796/49/1743 1798/51/1744 1797/52/1744 1795/50/1743
f 1798/51/1744 1800/53/1745 1799/54/1745 1797/52/1744
o BézierCurve
v -13.128882 -0.187841 -26.385792
v -13.128882 0.760527 -26.385792
v -12.300958 -0.216663 -26.996723
v -12.298053 0.785291 -26.998873
v -11.414349 -0.248795 -27.505432
v -11.408783 0.806736 -27.509140
v -10.475460 -0.283124 -27.918644
v -10.467932 0.825985 -27.923285
v -9.490788 -0.318536 -28.243006
v -9.482263 0.844156 -28.248081
v -8.466866 -0.353918 -28.485147
v -8.458511 0.862369 -28.490322
v -7.410247 -0.388151 -28.651697
v -7.403384 0.881738 -28.656801
v -6.327496 -0.420115 -28.749285
v -6.323579 0.903379 -28.754305
v -5.225180 -0.448690 -28.784550
v -5.225792 0.928402 -28.789616
v -4.109855 -0.472750 -28.764141
v -4.116733 0.957916 -28.769506
v -2.988056 -0.491168 -28.694704
v -3.003128 0.993027 -28.700748
v -1.866291 -0.502811 -28.582888
v -1.891731 1.034837 -28.590117
v -0.753677 -0.506603 -28.435659
v -0.786690 1.084500 -28.444057
v 0.346551 -0.455046 -28.230997
v 0.316762 1.082522 -28.238712
v 1.438756 -0.408104 -27.949955
v 1.415748 1.075990 -27.955940
v 2.518695 -0.365262 -27.605307
v 2.501173 1.065317 -27.609604
v 3.579589 -0.326064 -27.210320
v 3.566480 1.050973 -27.213066
v 4.614679 -0.290051 -26.778286
v 4.605096 1.033423 -26.779671
v 5.617219 -0.256765 -26.322506
v 5.610429 1.013135 -26.322748
v 6.580483 -0.225744 -25.856297
v 6.575870 0.990574 -25.855618
v 7.497761 -0.196527 -25.392973
v 7.494796 0.966203 -25.391598
v 8.362353 -0.168653 -24.945850
v 8.360568 0.940487 -24.944002
v 9.167580 -0.141660 -24.528248
v 9.166533 0.913889 -24.526152
v 9.906775 -0.115085 -24.153473
v 9.906018 0.886873 -24.151365
v 10.573247 -0.088466 -23.834864
v 10.572371 0.859901 -23.832943
v -15.876978 -0.379645 -28.751448
v -15.876978 1.273949 -28.751448
v -14.998296 -0.440798 -29.347853
v -14.993877 1.331406 -29.350899
v -13.969810 -0.504940 -29.817507
v -13.961638 1.385867 -29.822376
v -12.815995 -0.571025 -30.171936
v -12.805411 1.438387 -30.177710
v -11.561599 -0.638003 -30.422611
v -11.550078 1.490024 -30.428791
v -10.231392 -0.704821 -30.581070
v -10.220495 1.541830 -30.587437
v -8.850112 -0.770425 -30.658892
v -8.841548 1.594856 -30.665422
v -7.442443 -0.833759 -30.667686
v -7.438181 1.650151 -30.674501
v -6.032984 -0.893767 -30.619057
v -6.035422 1.708764 -30.626425
v -4.646203 -0.949384 -30.524605
v -4.658428 1.771736 -30.532951
v -3.306368 -0.999539 -30.395893
v -3.332559 1.840101 -30.405876
v -2.037393 -1.043139 -30.244423
v -2.083527 1.914871 -30.257053
v -0.871919 -1.079249 -30.082788
v -0.928317 1.997215 -30.097248
v 0.338227 -0.973709 -29.798630
v 0.299780 1.936731 -29.808750
v 1.746371 -0.876707 -29.302975
v 1.728277 1.867638 -29.306376
v 3.307727 -0.786939 -28.647163
v 3.301267 1.791155 -28.646017
v 4.969873 -0.703199 -27.885098
v 4.970480 1.708595 -27.881012
v 6.681509 -0.624242 -27.070635
v 6.686525 1.621238 -27.064734
v 8.391803 -0.548815 -26.257557
v 8.399542 1.530348 -26.250635
v 10.050134 -0.475657 -25.499590
v 10.059455 1.437190 -25.492228
v 11.606003 -0.403510 -24.850418
v 11.616074 1.343025 -24.843058
v 13.008982 -0.331114 -24.363705
v 13.019134 1.249113 -24.356701
v 14.208723 -0.257207 -24.093100
v 14.218293 1.156717 -24.086737
v 15.154999 -0.180530 -24.092321
v 15.163084 1.067097 -24.086685
v 15.797363 -0.099819 -24.415340
v 15.803253 0.981512 -24.409805
vn -0.5938 -0.0000 -0.8046
vn -0.5458 -0.0002 -0.8379
vn -0.4501 -0.0008 -0.8930
vn -0.3576 -0.0015 -0.9339
vn -0.2712 -0.0022 -0.9625
vn -0.1925 -0.0029 -0.9813
vn -0.1224 -0.0033 -0.9925
vn -0.0605 -0.0036 -0.9982
vn -0.0065 -0.0037 -1.0000
vn 0.0403 -0.0036 -0.9992
vn 0.0807 -0.0032 -0.9967
vn 0.1154 -0.0028 -0.9933
vn 0.1571 -0.0019 -0.9876
vn 0.2157 -0.0007 -0.9765
vn 0.2763 0.0004 -0.9611
vn 0.3262 0.0012 -0.9453
vn 0.3668 0.0016 -0.9303
vn 0.3993 0.0019 -0.9168
vn 0.4246 0.0021 -0.9054
vn 0.4431 0.0022 -0.8965
vn 0.4550 0.0022 -0.8905
vn 0.4598 0.0022 -0.8880
vn 0.4563 0.0022 -0.8898
vn 0.4419 0.0022 -0.8970
vn 0.4312 0.0022 -0.9022
vn -0.5616 -0.0000 -0.8274
vn -0.4877 -0.0003 -0.8730
vn -0.3534 -0.0009 -0.9355
vn -0.2437 -0.0015 -0.9698
vn -0.1562 -0.0020 -0.9877
vn -0.0866 -0.0024 -0.9962
vn -0.0307 -0.0026 -0.9995
vn 0.0145 -0.0028 -0.9999
vn 0.0516 -0.0028 -0.9987
vn 0.0821 -0.0027 -0.9966
vn 0.1073 -0.0025 -0.9942
vn 0.1281 -0.0023 -0.9918
vn 0.1829 -0.0013 -0.9831
vn 0.2787 0.0003 -0.9604
vn 0.3588 0.0012 -0.9334
vn 0.4015 0.0014 -0.9158
vn 0.4230 0.0014 -0.9061
vn 0.4295 0.0014 -0.9031
vn 0.4227 0.0014 -0.9063
vn 0.4008 0.0016 -0.9161
vn 0.3575 0.0019 -0.9339
vn 0.2763 0.0025 -0.9611
vn 0.1163 0.0037 -0.9932
vn -0.2159 0.0058 -0.9764
vn -0.4499 0.0070 -0.8931
vt 0.000000 1.000000
vt 0.041667 1.000000
vt 0.041667 0.000000
vt 0.000000 0.000000
vt 0.083333 1.000000
vt 0.083333 0.000000
vt 0.125000 1.000000
vt 0.125000 0.000000
vt 0.166667 1.000000
vt 0.166667 0.000000
vt 0.208333 1.000000
vt 0.208333 0.000000
vt 0.250000 1.000000
vt 0.250000 0.000000
vt 0.291667 1.000000
vt 0.291667 0.000000
vt 0.333333 1.000000
vt 0.333333 0.000000
vt 0.375000 1.000000
vt 0.375000 0.000000
vt 0.416667 1.000000
vt 0.416667 0.000000
vt 0.458333 1.000000
vt 0.458333 0.000000
vt 0.500000 1.000000
vt 0.500000 0.000000
vt 0.541667 1.000000
vt 0.541667 0.000000
vt 0.583333 1.000000
vt 0.583333 0.000000
vt 0.625000 1.000000
vt 0.625000 0.000000
vt 0.666667 1.000000
vt 0.666667 0.000000
vt 0.708333 1.000000
vt 0.708333 0.000000
vt 0.750000 1.000000
vt 0.750000 0.000000
vt 0.791667 1.000000
vt 0.791667 0.000000
vt 0.833333 1.000000
vt 0.833333 0.000000
vt 0.875000 1.000000
vt 0.875000 0.000000
vt 0.916667 1.000000
vt 0.916667 0.000000
vt 0.958333 1.000000
vt 0.958333 0.000000
vt 1.000000 1.000000
vt 1.000000 0.000000
s 1
f 1802/55/1746 1804/56/1747 1803/57/1747 1801/58/1746
f 1804/56/1747 1806/59/1748 1805/60/1748 1803/57/1747
f 1806/59/1748 1808/61/1749 1807/62/1749 1805/60/1748
f 1808/61/1749 1810/63/1750 1809/64/1750 1807/62/1749
f 1810/63/1750 1812/65/1751 1811/66/1751 1809/64/1750
f 1812/65/1751 1814/67/1752 1813/68/1752 1811/66/1751
f 1814/67/1752 1816/69/1753 1815/70/1753 1813/68/1752
f 1816/69/1753 1818/71/1754 1817/72/1754 1815/70/1753
f 1818/71/1754 1820/73/1755 1819/74/1755 1817/72/1754
f 1820/73/1755 1822/75/1756 1821/76/1756 1819/74/1755
f 1822/75/1756 1824/77/1757 1823/78/1757 1821/76/1756
f 1824/77/1757 1826/79/1758 1825/80/1758 1823/78/1757
f 1826/79/1758 1828/81/1759 1827/82/1759 1825/80/1758
f 1828/81/1759 1830/83/1760 1829/84/1760 1827/82/1759
f 1830/83/1760 1832/85/1761 1831/86/1761 1829/84/1760
f 1832/85/1761 1834/87/1762 1833/88/1762 1831/86/1761
f 1834/87/1762 1836/89/1763 1835/90/1763 1833/88/1762
f 1836/89/1763 1838/91/1764 1837/92/1764 1835/90/1763
f 1838/91/1764 1840/93/1765 1839/94/1765 1837/92/1764
f 1840/93/1765 1842/95/1766 1841/96/1766 1839/94/1765
f 1842/95/1766 1844/97/1767 1843/98/1767 1841/96/1766
f 1844/97/1767 1846/99/1768 1845/100/1768 1843/98/1767
f 1846/99/1768 1848/101/1769 1847/102/1769 1845/100/1768
f 1848/101/1769 1850/103/1770 1849/104/1770 1847/102/1769
f 1852/55/1771 1854/56/1772 1853/57/1772 1851/58/1771
f 1854/56/1772 1856/59/1773 1855/60/1773 1853/57/1772
f 1856/59/1773 1858/61/1774 1857/62/1774 1855/60/1773
f 1858/61/1774 1860/63/1775 1859/64/1775 1857/62/1774
f 1860/63/1775 1862/65/1776 1861/66/1776 1859/64/1775
f 1862/65/1776 1864/67/1777 1863/68/1777 1861/66/1776
f 1864/67/1777 1866/69/1778 1865/70/1778 1863/68/1777
f 1866/69/1778 1868/71/1779 1867/72/1779 1865/70/1778
f 1868/71/1779 1870/73/1780 1869/74/1780 1867/72/1779
f 1870/73/1780 1872/75/1781 1871/76/1781 1869/74/1780
f 1872/75/1781 1874/77/1782 1873/78/1782 1871/76/1781
f 1874/77/1782 1876/79/1783 1875/80/1783 1873/78/1782
f 1876/79/1783 1878/81/1784 1877/82/1784 1875/80/1783
f 1878/81/1784 1880/83/1785 1879/84/1785 1877/82/1784
f 1880/83/1785 1882/85/1786 1881/86/1786 1879/84/1785
f 1882/85/1786 1884/87/1787 1883/88/1787 1881/86/1786
f 1884/87/1787 1886/89/1788 1885/90/1788 1883/88/1787
f 1886/89/1788 1888/91/1789 1887/92/1789 1885/90/1788
f 1888/91/1789 1890/93/1790 1889/94/1790 1887/92/1789
f 1890/93/1790 1892/95/1791 1891/96/1791 1889/94/1790
f 1892/95/1791 1894/97/1792 1893/98/1792 1891/96/1791
f 1894/97/1792 1896/99/1793 1895/100/1793 1893/98/1792
f 1896/99/1793 1898/101/1794 1897/102/1794 1895/100/1793
f 1898/101/1794 1900/103/1795 1899/104/1795 1897/102/1794
